train_number,run_date,station_code,sequence,scheduled_arrival,actual_arrival,scheduled_departure,actual_departure,distance_km
12302,2026-08-05,NDLS,1,,,2026-08-05T16:55:00,2026-08-05T16:55:00,0.0
12302,2026-08-05,CNB,2,2026-08-05T21:30:00,2026-08-05T21:33:54,2026-08-05T21:35:00,2026-08-05T21:39:24,440.0
12302,2026-08-05,PRYJ,3,2026-08-05T23:43:00,2026-08-05T23:43:54,2026-08-05T23:45:00,2026-08-05T23:45:54,634.0
12302,2026-08-05,DDU,4,2026-08-06T00:45:00,2026-08-06T00:47:06,2026-08-06T00:55:00,2026-08-06T00:57:06,787.0
12302,2026-08-05,GAYA,5,2026-08-06T03:10:00,2026-08-06T03:10:00,2026-08-06T03:13:00,2026-08-06T03:12:30,992.0
12302,2026-08-05,DHN,6,2026-08-06T05:55:00,2026-08-06T05:55:00,2026-08-06T06:00:00,2026-08-06T06:00:30,1193.0
12302,2026-08-05,ASN,7,2026-08-06T06:54:00,2026-08-06T06:54:00,2026-08-06T06:56:00,2026-08-06T06:56:30,1251.0
12302,2026-08-05,HWH,8,2026-08-06T09:55:00,2026-08-06T09:55:12,,,1450.0
22436,2026-08-05,NDLS,1,,,2026-08-05T06:00:00,2026-08-05T06:10:00,0.0
22436,2026-08-05,CNB,2,2026-08-05T10:08:00,2026-08-05T10:22:00,2026-08-05T10:10:00,2026-08-05T10:24:30,440.0
22436,2026-08-05,PRYJ,3,2026-08-05T12:08:00,2026-08-05T12:18:54,2026-08-05T12:10:00,2026-08-05T12:20:54,634.0
22436,2026-08-05,BSB,4,2026-08-05T14:00:00,2026-08-05T14:11:48,,,759.0
12952,2026-08-05,NDLS,1,,,2026-08-05T16:55:00,2026-08-05T17:00:00,0.0
12952,2026-08-05,KOTA,2,2026-08-05T21:30:00,2026-08-05T21:35:18,2026-08-05T21:40:00,2026-08-05T21:46:18,465.0
12952,2026-08-05,BRC,3,2026-08-06T03:40:00,2026-08-06T03:46:48,2026-08-06T03:50:00,2026-08-06T03:56:48,992.0
12952,2026-08-05,MMCT,4,2026-08-06T08:35:00,2026-08-06T08:42:54,,,1384.0
12302,2026-08-06,NDLS,1,,,2026-08-06T16:55:00,2026-08-06T17:05:00,0.0
12302,2026-08-06,CNB,2,2026-08-06T21:30:00,2026-08-06T21:44:42,2026-08-06T21:35:00,2026-08-06T21:49:42,440.0
12302,2026-08-06,PRYJ,3,2026-08-06T23:43:00,2026-08-06T23:55:54,2026-08-06T23:45:00,2026-08-06T23:59:54,634.0
12302,2026-08-06,DDU,4,2026-08-07T00:45:00,2026-08-07T00:58:12,2026-08-07T00:55:00,2026-08-07T01:08:12,787.0
12302,2026-08-06,GAYA,5,2026-08-07T03:10:00,2026-08-07T03:21:06,2026-08-07T03:13:00,2026-08-07T03:23:36,992.0
12302,2026-08-06,DHN,6,2026-08-07T05:55:00,2026-08-07T06:03:24,2026-08-07T06:00:00,2026-08-07T06:09:24,1193.0
12302,2026-08-06,ASN,7,2026-08-07T06:54:00,2026-08-07T06:58:06,2026-08-07T06:56:00,2026-08-07T07:00:06,1251.0
12302,2026-08-06,HWH,8,2026-08-07T09:55:00,2026-08-07T09:58:30,,,1450.0
22436,2026-08-06,NDLS,1,,,2026-08-06T06:00:00,2026-08-06T06:02:00,0.0
22436,2026-08-06,CNB,2,2026-08-06T10:08:00,2026-08-06T10:17:42,2026-08-06T10:10:00,2026-08-06T10:21:42,440.0
22436,2026-08-06,PRYJ,3,2026-08-06T12:08:00,2026-08-06T12:13:00,2026-08-06T12:10:00,2026-08-06T12:16:00,634.0
22436,2026-08-06,BSB,4,2026-08-06T14:00:00,2026-08-06T14:02:48,,,759.0
12952,2026-08-06,NDLS,1,,,2026-08-06T16:55:00,2026-08-06T16:57:00,0.0
12952,2026-08-06,KOTA,2,2026-08-06T21:30:00,2026-08-06T21:33:18,2026-08-06T21:40:00,2026-08-06T21:43:48,465.0
12952,2026-08-06,BRC,3,2026-08-07T03:40:00,2026-08-07T03:42:42,2026-08-07T03:50:00,2026-08-07T03:52:42,992.0
12952,2026-08-06,MMCT,4,2026-08-07T08:35:00,2026-08-07T08:36:12,,,1384.0
12302,2026-08-07,NDLS,1,,,2026-08-07T16:55:00,2026-08-07T16:55:00,0.0
12302,2026-08-07,CNB,2,2026-08-07T21:30:00,2026-08-07T21:33:48,2026-08-07T21:35:00,2026-08-07T21:40:48,440.0
12302,2026-08-07,PRYJ,3,2026-08-07T23:43:00,2026-08-07T23:44:06,2026-08-07T23:45:00,2026-08-07T23:47:06,634.0
12302,2026-08-07,DDU,4,2026-08-08T00:45:00,2026-08-08T00:54:24,2026-08-08T00:55:00,2026-08-08T01:03:54,787.0
12302,2026-08-07,GAYA,5,2026-08-08T03:10:00,2026-08-08T03:19:42,2026-08-08T03:13:00,2026-08-08T03:23:12,992.0
12302,2026-08-07,DHN,6,2026-08-08T05:55:00,2026-08-08T06:01:42,2026-08-08T06:00:00,2026-08-08T06:06:42,1193.0
12302,2026-08-07,ASN,7,2026-08-08T06:54:00,2026-08-08T06:55:42,2026-08-08T06:56:00,2026-08-08T06:58:12,1251.0
12302,2026-08-07,HWH,8,2026-08-08T09:55:00,2026-08-08T09:58:18,,,1450.0
22436,2026-08-07,NDLS,1,,,2026-08-07T06:00:00,2026-08-07T06:02:00,0.0
22436,2026-08-07,CNB,2,2026-08-07T10:08:00,2026-08-07T10:09:06,2026-08-07T10:10:00,2026-08-07T10:11:36,440.0
22436,2026-08-07,PRYJ,3,2026-08-07T12:08:00,2026-08-07T12:09:48,2026-08-07T12:10:00,2026-08-07T12:12:48,634.0
22436,2026-08-07,BSB,4,2026-08-07T14:00:00,2026-08-07T14:01:18,,,759.0
12952,2026-08-07,NDLS,1,,,2026-08-07T16:55:00,2026-08-07T17:00:00,0.0
12952,2026-08-07,KOTA,2,2026-08-07T21:30:00,2026-08-07T21:37:06,2026-08-07T21:40:00,2026-08-07T21:47:36,465.0
12952,2026-08-07,BRC,3,2026-08-08T03:40:00,2026-08-08T03:46:12,2026-08-08T03:50:00,2026-08-08T03:57:12,992.0
12952,2026-08-07,MMCT,4,2026-08-08T08:35:00,2026-08-08T08:43:18,,,1384.0
12302,2026-08-08,NDLS,1,,,2026-08-08T16:55:00,2026-08-08T16:57:00,0.0
12302,2026-08-08,CNB,2,2026-08-08T21:30:00,2026-08-08T21:39:48,2026-08-08T21:35:00,2026-08-08T21:46:48,440.0
12302,2026-08-08,PRYJ,3,2026-08-08T23:43:00,2026-08-08T23:52:54,2026-08-08T23:45:00,2026-08-08T23:55:24,634.0
12302,2026-08-08,DDU,4,2026-08-09T00:45:00,2026-08-09T00:57:06,2026-08-09T00:55:00,2026-08-09T01:07:36,787.0
12302,2026-08-08,GAYA,5,2026-08-09T03:10:00,2026-08-09T03:22:00,2026-08-09T03:13:00,2026-08-09T03:25:00,992.0
12302,2026-08-08,DHN,6,2026-08-09T05:55:00,2026-08-09T06:05:24,2026-08-09T06:00:00,2026-08-09T06:10:24,1193.0
12302,2026-08-08,ASN,7,2026-08-09T06:54:00,2026-08-09T07:03:36,2026-08-09T06:56:00,2026-08-09T07:07:36,1251.0
12302,2026-08-08,HWH,8,2026-08-09T09:55:00,2026-08-09T10:05:48,,,1450.0
22436,2026-08-08,NDLS,1,,,2026-08-08T06:00:00,2026-08-08T06:00:00,0.0
22436,2026-08-08,CNB,2,2026-08-08T10:08:00,2026-08-08T10:08:00,2026-08-08T10:10:00,2026-08-08T10:09:30,440.0
22436,2026-08-08,PRYJ,3,2026-08-08T12:08:00,2026-08-08T12:11:00,2026-08-08T12:10:00,2026-08-08T12:14:00,634.0
22436,2026-08-08,BSB,4,2026-08-08T14:00:00,2026-08-08T14:06:24,,,759.0
12952,2026-08-08,NDLS,1,,,2026-08-08T16:55:00,2026-08-08T16:55:00,0.0
12952,2026-08-08,KOTA,2,2026-08-08T21:30:00,2026-08-08T21:30:00,2026-08-08T21:40:00,2026-08-08T21:41:00,465.0
12952,2026-08-08,BRC,3,2026-08-09T03:40:00,2026-08-09T03:40:42,2026-08-09T03:50:00,2026-08-09T03:51:42,992.0
12952,2026-08-08,MMCT,4,2026-08-09T08:35:00,2026-08-09T08:35:00,,,1384.0
12302,2026-08-09,NDLS,1,,,2026-08-09T16:55:00,2026-08-09T16:55:00,0.0
12302,2026-08-09,CNB,2,2026-08-09T21:30:00,2026-08-09T21:38:48,2026-08-09T21:35:00,2026-08-09T21:44:48,440.0
12302,2026-08-09,PRYJ,3,2026-08-09T23:43:00,2026-08-09T23:50:24,2026-08-09T23:45:00,2026-08-09T23:51:54,634.0
12302,2026-08-09,DDU,4,2026-08-10T00:45:00,2026-08-10T00:56:36,2026-08-10T00:55:00,2026-08-10T01:06:36,787.0
12302,2026-08-09,GAYA,5,2026-08-10T03:10:00,2026-08-10T03:20:24,2026-08-10T03:13:00,2026-08-10T03:24:24,992.0
12302,2026-08-09,DHN,6,2026-08-10T05:55:00,2026-08-10T06:05:06,2026-08-10T06:00:00,2026-08-10T06:10:36,1193.0
12302,2026-08-09,ASN,7,2026-08-10T06:54:00,2026-08-10T07:00:42,2026-08-10T06:56:00,2026-08-10T07:03:12,1251.0
12302,2026-08-09,HWH,8,2026-08-10T09:55:00,2026-08-10T10:01:30,,,1450.0
22436,2026-08-09,NDLS,1,,,2026-08-09T06:00:00,2026-08-09T06:00:00,0.0
22436,2026-08-09,CNB,2,2026-08-09T10:08:00,2026-08-09T10:13:18,2026-08-09T10:10:00,2026-08-09T10:16:18,440.0
22436,2026-08-09,PRYJ,3,2026-08-09T12:08:00,2026-08-09T12:10:48,2026-08-09T12:10:00,2026-08-09T12:13:48,634.0
22436,2026-08-09,BSB,4,2026-08-09T14:00:00,2026-08-09T14:03:18,,,759.0
12952,2026-08-09,NDLS,1,,,2026-08-09T16:55:00,2026-08-09T16:55:00,0.0
12952,2026-08-09,KOTA,2,2026-08-09T21:30:00,2026-08-09T21:30:36,2026-08-09T21:40:00,2026-08-09T21:40:36,465.0
12952,2026-08-09,BRC,3,2026-08-10T03:40:00,2026-08-10T03:43:00,2026-08-10T03:50:00,2026-08-10T03:53:00,992.0
12952,2026-08-09,MMCT,4,2026-08-10T08:35:00,2026-08-10T08:38:12,,,1384.0
12302,2026-08-10,NDLS,1,,,2026-08-10T16:55:00,2026-08-10T16:55:00,0.0
12302,2026-08-10,CNB,2,2026-08-10T21:30:00,2026-08-10T21:30:00,2026-08-10T21:35:00,2026-08-10T21:37:00,440.0
12302,2026-08-10,PRYJ,3,2026-08-10T23:43:00,2026-08-10T23:43:00,2026-08-10T23:45:00,2026-08-10T23:44:30,634.0
12302,2026-08-10,DDU,4,2026-08-11T00:45:00,2026-08-11T00:48:24,2026-08-11T00:55:00,2026-08-11T00:57:54,787.0
12302,2026-08-10,GAYA,5,2026-08-11T03:10:00,2026-08-11T03:13:00,2026-08-11T03:13:00,2026-08-11T03:15:30,992.0
12302,2026-08-10,DHN,6,2026-08-11T05:55:00,2026-08-11T05:57:06,2026-08-11T06:00:00,2026-08-11T06:02:36,1193.0
12302,2026-08-10,ASN,7,2026-08-11T06:54:00,2026-08-11T06:54:12,2026-08-11T06:56:00,2026-08-11T06:57:12,1251.0
12302,2026-08-10,HWH,8,2026-08-11T09:55:00,2026-08-11T09:55:00,,,1450.0
22436,2026-08-10,NDLS,1,,,2026-08-10T06:00:00,2026-08-10T06:10:00,0.0
22436,2026-08-10,CNB,2,2026-08-10T10:08:00,2026-08-10T10:23:36,2026-08-10T10:10:00,2026-08-10T10:26:36,440.0
22436,2026-08-10,PRYJ,3,2026-08-10T12:08:00,2026-08-10T12:23:00,2026-08-10T12:10:00,2026-08-10T12:25:00,634.0
22436,2026-08-10,BSB,4,2026-08-10T14:00:00,2026-08-10T14:14:36,,,759.0
12952,2026-08-10,NDLS,1,,,2026-08-10T16:55:00,2026-08-10T16:55:00,0.0
12952,2026-08-10,KOTA,2,2026-08-10T21:30:00,2026-08-10T21:30:00,2026-08-10T21:40:00,2026-08-10T21:40:00,465.0
12952,2026-08-10,BRC,3,2026-08-11T03:40:00,2026-08-11T03:40:54,2026-08-11T03:50:00,2026-08-11T03:51:54,992.0
12952,2026-08-10,MMCT,4,2026-08-11T08:35:00,2026-08-11T08:39:42,,,1384.0
12302,2026-08-11,NDLS,1,,,2026-08-11T16:55:00,2026-08-11T17:05:00,0.0
12302,2026-08-11,CNB,2,2026-08-11T21:30:00,2026-08-11T21:43:24,2026-08-11T21:35:00,2026-08-11T21:47:54,440.0
12302,2026-08-11,PRYJ,3,2026-08-11T23:43:00,2026-08-11T23:57:12,2026-08-11T23:45:00,2026-08-11T23:59:42,634.0
12302,2026-08-11,DDU,4,2026-08-12T00:45:00,2026-08-12T01:02:06,2026-08-12T00:55:00,2026-08-12T01:11:36,787.0
12302,2026-08-11,GAYA,5,2026-08-12T03:10:00,2026-08-12T03:24:36,2026-08-12T03:13:00,2026-08-12T03:29:36,992.0
12302,2026-08-11,DHN,6,2026-08-12T05:55:00,2026-08-12T06:08:12,2026-08-12T06:00:00,2026-08-12T06:15:12,1193.0
12302,2026-08-11,ASN,7,2026-08-12T06:54:00,2026-08-12T07:07:54,2026-08-12T06:56:00,2026-08-12T07:10:24,1251.0
12302,2026-08-11,HWH,8,2026-08-12T09:55:00,2026-08-12T10:11:12,,,1450.0
22436,2026-08-11,NDLS,1,,,2026-08-11T06:00:00,2026-08-11T06:05:00,0.0
22436,2026-08-11,CNB,2,2026-08-11T10:08:00,2026-08-11T10:19:30,2026-08-11T10:10:00,2026-08-11T10:23:30,440.0
22436,2026-08-11,PRYJ,3,2026-08-11T12:08:00,2026-08-11T12:18:24,2026-08-11T12:10:00,2026-08-11T12:20:24,634.0
22436,2026-08-11,BSB,4,2026-08-11T14:00:00,2026-08-11T14:10:30,,,759.0
12952,2026-08-11,NDLS,1,,,2026-08-11T16:55:00,2026-08-11T17:00:00,0.0
12952,2026-08-11,KOTA,2,2026-08-11T21:30:00,2026-08-11T21:35:42,2026-08-11T21:40:00,2026-08-11T21:46:12,465.0
12952,2026-08-11,BRC,3,2026-08-12T03:40:00,2026-08-12T03:45:30,2026-08-12T03:50:00,2026-08-12T03:56:00,992.0
12952,2026-08-11,MMCT,4,2026-08-12T08:35:00,2026-08-12T08:40:12,,,1384.0
12302,2026-08-12,NDLS,1,,,2026-08-12T16:55:00,2026-08-12T16:57:00,0.0
12302,2026-08-12,CNB,2,2026-08-12T21:30:00,2026-08-12T21:35:36,2026-08-12T21:35:00,2026-08-12T21:41:06,440.0
12302,2026-08-12,PRYJ,3,2026-08-12T23:43:00,2026-08-12T23:47:42,2026-08-12T23:45:00,2026-08-12T23:49:12,634.0
12302,2026-08-12,DDU,4,2026-08-13T00:45:00,2026-08-13T00:52:48,2026-08-13T00:55:00,2026-08-13T01:02:48,787.0
12302,2026-08-12,GAYA,5,2026-08-13T03:10:00,2026-08-13T03:23:48,2026-08-13T03:13:00,2026-08-13T03:26:48,992.0
12302,2026-08-12,DHN,6,2026-08-13T05:55:00,2026-08-13T06:09:36,2026-08-13T06:00:00,2026-08-13T06:14:36,1193.0
12302,2026-08-12,ASN,7,2026-08-13T06:54:00,2026-08-13T07:10:36,2026-08-13T06:56:00,2026-08-13T07:13:06,1251.0
12302,2026-08-12,HWH,8,2026-08-13T09:55:00,2026-08-13T10:10:48,,,1450.0
22436,2026-08-12,NDLS,1,,,2026-08-12T06:00:00,2026-08-12T06:05:00,0.0
22436,2026-08-12,CNB,2,2026-08-12T10:08:00,2026-08-12T10:17:42,2026-08-12T10:10:00,2026-08-12T10:19:42,440.0
22436,2026-08-12,PRYJ,3,2026-08-12T12:08:00,2026-08-12T12:18:12,2026-08-12T12:10:00,2026-08-12T12:20:42,634.0
22436,2026-08-12,BSB,4,2026-08-12T14:00:00,2026-08-12T14:07:30,,,759.0
12952,2026-08-12,NDLS,1,,,2026-08-12T16:55:00,2026-08-12T17:00:00,0.0
12952,2026-08-12,KOTA,2,2026-08-12T21:30:00,2026-08-12T21:38:30,2026-08-12T21:40:00,2026-08-12T21:50:30,465.0
12952,2026-08-12,BRC,3,2026-08-13T03:40:00,2026-08-13T03:48:12,2026-08-13T03:50:00,2026-08-13T03:57:42,992.0
12952,2026-08-12,MMCT,4,2026-08-13T08:35:00,2026-08-13T08:41:24,,,1384.0
12302,2026-08-13,NDLS,1,,,2026-08-13T16:55:00,2026-08-13T16:55:00,0.0
12302,2026-08-13,CNB,2,2026-08-13T21:30:00,2026-08-13T21:31:42,2026-08-13T21:35:00,2026-08-13T21:36:12,440.0
12302,2026-08-13,PRYJ,3,2026-08-13T23:43:00,2026-08-13T23:48:18,2026-08-13T23:45:00,2026-08-13T23:49:48,634.0
12302,2026-08-13,DDU,4,2026-08-14T00:45:00,2026-08-14T00:56:42,2026-08-14T00:55:00,2026-08-14T01:06:42,787.0
12302,2026-08-13,GAYA,5,2026-08-14T03:10:00,2026-08-14T03:22:42,2026-08-14T03:13:00,2026-08-14T03:25:12,992.0
12302,2026-08-13,DHN,6,2026-08-14T05:55:00,2026-08-14T06:01:42,2026-08-14T06:00:00,2026-08-14T06:06:12,1193.0
12302,2026-08-13,ASN,7,2026-08-14T06:54:00,2026-08-14T06:59:54,2026-08-14T06:56:00,2026-08-14T07:02:24,1251.0
12302,2026-08-13,HWH,8,2026-08-14T09:55:00,2026-08-14T10:03:00,,,1450.0
22436,2026-08-13,NDLS,1,,,2026-08-13T06:00:00,2026-08-13T06:00:00,0.0
22436,2026-08-13,CNB,2,2026-08-13T10:08:00,2026-08-13T10:13:12,2026-08-13T10:10:00,2026-08-13T10:15:12,440.0
22436,2026-08-13,PRYJ,3,2026-08-13T12:08:00,2026-08-13T12:11:06,2026-08-13T12:10:00,2026-08-13T12:13:06,634.0
22436,2026-08-13,BSB,4,2026-08-13T14:00:00,2026-08-13T14:02:36,,,759.0
12952,2026-08-13,NDLS,1,,,2026-08-13T16:55:00,2026-08-13T16:55:00,0.0
12952,2026-08-13,KOTA,2,2026-08-13T21:30:00,2026-08-13T21:30:00,2026-08-13T21:40:00,2026-08-13T21:42:00,465.0
12952,2026-08-13,BRC,3,2026-08-14T03:40:00,2026-08-14T03:40:00,2026-08-14T03:50:00,2026-08-14T03:49:30,992.0
12952,2026-08-13,MMCT,4,2026-08-14T08:35:00,2026-08-14T08:35:00,,,1384.0
12302,2026-08-14,NDLS,1,,,2026-08-14T16:55:00,2026-08-14T16:55:00,0.0
12302,2026-08-14,CNB,2,2026-08-14T21:30:00,2026-08-14T21:33:00,2026-08-14T21:35:00,2026-08-14T21:38:30,440.0
12302,2026-08-14,PRYJ,3,2026-08-14T23:43:00,2026-08-14T23:44:24,2026-08-14T23:45:00,2026-08-14T23:47:24,634.0
12302,2026-08-14,DDU,4,2026-08-15T00:45:00,2026-08-15T00:51:54,2026-08-15T00:55:00,2026-08-15T01:03:54,787.0
12302,2026-08-14,GAYA,5,2026-08-15T03:10:00,2026-08-15T03:16:24,2026-08-15T03:13:00,2026-08-15T03:19:24,992.0
12302,2026-08-14,DHN,6,2026-08-15T05:55:00,2026-08-15T06:03:00,2026-08-15T06:00:00,2026-08-15T06:08:00,1193.0
12302,2026-08-14,ASN,7,2026-08-15T06:54:00,2026-08-15T06:54:00,2026-08-15T06:56:00,2026-08-15T06:56:00,1251.0
12302,2026-08-14,HWH,8,2026-08-15T09:55:00,2026-08-15T09:56:54,,,1450.0
22436,2026-08-14,NDLS,1,,,2026-08-14T06:00:00,2026-08-14T06:10:00,0.0
22436,2026-08-14,CNB,2,2026-08-14T10:08:00,2026-08-14T10:20:24,2026-08-14T10:10:00,2026-08-14T10:23:24,440.0
22436,2026-08-14,PRYJ,3,2026-08-14T12:08:00,2026-08-14T12:18:54,2026-08-14T12:10:00,2026-08-14T12:20:54,634.0
22436,2026-08-14,BSB,4,2026-08-14T14:00:00,2026-08-14T14:12:24,,,759.0
12952,2026-08-14,NDLS,1,,,2026-08-14T16:55:00,2026-08-14T17:00:00,0.0
12952,2026-08-14,KOTA,2,2026-08-14T21:30:00,2026-08-14T21:34:30,2026-08-14T21:40:00,2026-08-14T21:45:30,465.0
12952,2026-08-14,BRC,3,2026-08-15T03:40:00,2026-08-15T03:41:36,2026-08-15T03:50:00,2026-08-15T03:51:06,992.0
12952,2026-08-14,MMCT,4,2026-08-15T08:35:00,2026-08-15T08:35:00,,,1384.0
12302,2026-08-15,NDLS,1,,,2026-08-15T16:55:00,2026-08-15T17:05:00,0.0
12302,2026-08-15,CNB,2,2026-08-15T21:30:00,2026-08-15T21:45:18,2026-08-15T21:35:00,2026-08-15T21:50:48,440.0
12302,2026-08-15,PRYJ,3,2026-08-15T23:43:00,2026-08-15T23:56:24,2026-08-15T23:45:00,2026-08-15T23:59:24,634.0
12302,2026-08-15,DDU,4,2026-08-16T00:45:00,2026-08-16T01:03:30,2026-08-16T00:55:00,2026-08-16T01:13:00,787.0
12302,2026-08-15,GAYA,5,2026-08-16T03:10:00,2026-08-16T03:29:24,2026-08-16T03:13:00,2026-08-16T03:32:54,992.0
12302,2026-08-15,DHN,6,2026-08-16T05:55:00,2026-08-16T06:12:30,2026-08-16T06:00:00,2026-08-16T06:18:30,1193.0
12302,2026-08-15,ASN,7,2026-08-16T06:54:00,2026-08-16T07:12:42,2026-08-16T06:56:00,2026-08-16T07:15:12,1251.0
12302,2026-08-15,HWH,8,2026-08-16T09:55:00,2026-08-16T10:13:06,,,1450.0
22436,2026-08-15,NDLS,1,,,2026-08-15T06:00:00,2026-08-15T06:05:00,0.0
22436,2026-08-15,CNB,2,2026-08-15T10:08:00,2026-08-15T10:11:36,2026-08-15T10:10:00,2026-08-15T10:13:36,440.0
22436,2026-08-15,PRYJ,3,2026-08-15T12:08:00,2026-08-15T12:11:48,2026-08-15T12:10:00,2026-08-15T12:14:48,634.0
22436,2026-08-15,BSB,4,2026-08-15T14:00:00,2026-08-15T14:05:12,,,759.0
12952,2026-08-15,NDLS,1,,,2026-08-15T16:55:00,2026-08-15T16:55:00,0.0
12952,2026-08-15,KOTA,2,2026-08-15T21:30:00,2026-08-15T21:30:48,2026-08-15T21:40:00,2026-08-15T21:41:48,465.0
12952,2026-08-15,BRC,3,2026-08-16T03:40:00,2026-08-16T03:40:00,2026-08-16T03:50:00,2026-08-16T03:50:30,992.0
12952,2026-08-15,MMCT,4,2026-08-16T08:35:00,2026-08-16T08:35:24,,,1384.0
12302,2026-08-16,NDLS,1,,,2026-08-16T16:55:00,2026-08-16T17:05:00,0.0
12302,2026-08-16,CNB,2,2026-08-16T21:30:00,2026-08-16T21:40:12,2026-08-16T21:35:00,2026-08-16T21:45:12,440.0
12302,2026-08-16,PRYJ,3,2026-08-16T23:43:00,2026-08-16T23:55:24,2026-08-16T23:45:00,2026-08-16T23:57:54,634.0
12302,2026-08-16,DDU,4,2026-08-17T00:45:00,2026-08-17T01:04:12,2026-08-17T00:55:00,2026-08-17T01:13:42,787.0
12302,2026-08-16,GAYA,5,2026-08-17T03:10:00,2026-08-17T03:31:06,2026-08-17T03:13:00,2026-08-17T03:33:36,992.0
12302,2026-08-16,DHN,6,2026-08-17T05:55:00,2026-08-17T06:15:06,2026-08-17T06:00:00,2026-08-17T06:20:36,1193.0
12302,2026-08-16,ASN,7,2026-08-17T06:54:00,2026-08-17T07:12:00,2026-08-17T06:56:00,2026-08-17T07:15:00,1251.0
12302,2026-08-16,HWH,8,2026-08-17T09:55:00,2026-08-17T10:13:42,,,1450.0
22436,2026-08-16,NDLS,1,,,2026-08-16T06:00:00,2026-08-16T06:02:00,0.0
22436,2026-08-16,CNB,2,2026-08-16T10:08:00,2026-08-16T10:12:12,2026-08-16T10:10:00,2026-08-16T10:15:12,440.0
22436,2026-08-16,PRYJ,3,2026-08-16T12:08:00,2026-08-16T12:08:00,2026-08-16T12:10:00,2026-08-16T12:09:30,634.0
22436,2026-08-16,BSB,4,2026-08-16T14:00:00,2026-08-16T14:01:36,,,759.0
12952,2026-08-16,NDLS,1,,,2026-08-16T16:55:00,2026-08-16T16:55:00,0.0
12952,2026-08-16,KOTA,2,2026-08-16T21:30:00,2026-08-16T21:30:00,2026-08-16T21:40:00,2026-08-16T21:40:30,465.0
12952,2026-08-16,BRC,3,2026-08-17T03:40:00,2026-08-17T03:43:12,2026-08-17T03:50:00,2026-08-17T03:55:12,992.0
12952,2026-08-16,MMCT,4,2026-08-17T08:35:00,2026-08-17T08:38:18,,,1384.0
12302,2026-08-17,NDLS,1,,,2026-08-17T16:55:00,2026-08-17T16:55:00,0.0
12302,2026-08-17,CNB,2,2026-08-17T21:30:00,2026-08-17T21:34:36,2026-08-17T21:35:00,2026-08-17T21:40:06,440.0
12302,2026-08-17,PRYJ,3,2026-08-17T23:43:00,2026-08-17T23:44:06,2026-08-17T23:45:00,2026-08-17T23:47:06,634.0
12302,2026-08-17,DDU,4,2026-08-18T00:45:00,2026-08-18T00:52:36,2026-08-18T00:55:00,2026-08-18T01:04:36,787.0
12302,2026-08-17,GAYA,5,2026-08-18T03:10:00,2026-08-18T03:20:06,2026-08-18T03:13:00,2026-08-18T03:23:06,992.0
12302,2026-08-17,DHN,6,2026-08-18T05:55:00,2026-08-18T06:04:30,2026-08-18T06:00:00,2026-08-18T06:11:30,1193.0
12302,2026-08-17,ASN,7,2026-08-18T06:54:00,2026-08-18T07:00:54,2026-08-18T06:56:00,2026-08-18T07:03:54,1251.0
12302,2026-08-17,HWH,8,2026-08-18T09:55:00,2026-08-18T10:01:30,,,1450.0
22436,2026-08-17,NDLS,1,,,2026-08-17T06:00:00,2026-08-17T06:00:00,0.0
22436,2026-08-17,CNB,2,2026-08-17T10:08:00,2026-08-17T10:17:00,2026-08-17T10:10:00,2026-08-17T10:19:30,440.0
22436,2026-08-17,PRYJ,3,2026-08-17T12:08:00,2026-08-17T12:14:12,2026-08-17T12:10:00,2026-08-17T12:16:12,634.0
22436,2026-08-17,BSB,4,2026-08-17T14:00:00,2026-08-17T14:07:24,,,759.0
12952,2026-08-17,NDLS,1,,,2026-08-17T16:55:00,2026-08-17T16:57:00,0.0
12952,2026-08-17,KOTA,2,2026-08-17T21:30:00,2026-08-17T21:30:00,2026-08-17T21:40:00,2026-08-17T21:39:30,465.0
12952,2026-08-17,BRC,3,2026-08-18T03:40:00,2026-08-18T03:43:00,2026-08-18T03:50:00,2026-08-18T03:54:00,992.0
12952,2026-08-17,MMCT,4,2026-08-18T08:35:00,2026-08-18T08:39:12,,,1384.0
12302,2026-08-18,NDLS,1,,,2026-08-18T16:55:00,2026-08-18T16:55:00,0.0
12302,2026-08-18,CNB,2,2026-08-18T21:30:00,2026-08-18T21:33:24,2026-08-18T21:35:00,2026-08-18T21:39:24,440.0
12302,2026-08-18,PRYJ,3,2026-08-18T23:43:00,2026-08-18T23:47:36,2026-08-18T23:45:00,2026-08-18T23:50:36,634.0
12302,2026-08-18,DDU,4,2026-08-19T00:45:00,2026-08-19T00:54:30,2026-08-19T00:55:00,2026-08-19T01:05:30,787.0
12302,2026-08-18,GAYA,5,2026-08-19T03:10:00,2026-08-19T03:16:00,2026-08-19T03:13:00,2026-08-19T03:19:00,992.0
12302,2026-08-18,DHN,6,2026-08-19T05:55:00,2026-08-19T06:01:48,2026-08-19T06:00:00,2026-08-19T06:08:48,1193.0
12302,2026-08-18,ASN,7,2026-08-19T06:54:00,2026-08-19T07:00:18,2026-08-19T06:56:00,2026-08-19T07:02:18,1251.0
12302,2026-08-18,HWH,8,2026-08-19T09:55:00,2026-08-19T10:01:18,,,1450.0
22436,2026-08-18,NDLS,1,,,2026-08-18T06:00:00,2026-08-18T06:00:00,0.0
22436,2026-08-18,CNB,2,2026-08-18T10:08:00,2026-08-18T10:15:18,2026-08-18T10:10:00,2026-08-18T10:17:48,440.0
22436,2026-08-18,PRYJ,3,2026-08-18T12:08:00,2026-08-18T12:12:42,2026-08-18T12:10:00,2026-08-18T12:15:42,634.0
22436,2026-08-18,BSB,4,2026-08-18T14:00:00,2026-08-18T14:01:54,,,759.0
12952,2026-08-18,NDLS,1,,,2026-08-18T16:55:00,2026-08-18T17:05:00,0.0
12952,2026-08-18,KOTA,2,2026-08-18T21:30:00,2026-08-18T21:42:00,2026-08-18T21:40:00,2026-08-18T21:52:00,465.0
12952,2026-08-18,BRC,3,2026-08-19T03:40:00,2026-08-19T03:52:18,2026-08-19T03:50:00,2026-08-19T04:03:18,992.0
12952,2026-08-18,MMCT,4,2026-08-19T08:35:00,2026-08-19T08:46:30,,,1384.0
12302,2026-08-19,NDLS,1,,,2026-08-19T16:55:00,2026-08-19T16:57:00,0.0
12302,2026-08-19,CNB,2,2026-08-19T21:30:00,2026-08-19T21:34:48,2026-08-19T21:35:00,2026-08-19T21:40:18,440.0
12302,2026-08-19,PRYJ,3,2026-08-19T23:43:00,2026-08-19T23:43:54,2026-08-19T23:45:00,2026-08-19T23:47:54,634.0
12302,2026-08-19,DDU,4,2026-08-20T00:45:00,2026-08-20T00:48:24,2026-08-20T00:55:00,2026-08-20T00:58:54,787.0
12302,2026-08-19,GAYA,5,2026-08-20T03:10:00,2026-08-20T03:12:36,2026-08-20T03:13:00,2026-08-20T03:15:06,992.0
12302,2026-08-19,DHN,6,2026-08-20T05:55:00,2026-08-20T05:55:00,2026-08-20T06:00:00,2026-08-20T06:00:00,1193.0
12302,2026-08-19,ASN,7,2026-08-20T06:54:00,2026-08-20T06:54:00,2026-08-20T06:56:00,2026-08-20T06:57:00,1251.0
12302,2026-08-19,HWH,8,2026-08-20T09:55:00,2026-08-20T09:55:06,,,1450.0
22436,2026-08-19,NDLS,1,,,2026-08-19T06:00:00,2026-08-19T06:10:00,0.0
22436,2026-08-19,CNB,2,2026-08-19T10:08:00,2026-08-19T10:25:06,2026-08-19T10:10:00,2026-08-19T10:29:06,440.0
22436,2026-08-19,PRYJ,3,2026-08-19T12:08:00,2026-08-19T12:20:48,2026-08-19T12:10:00,2026-08-19T12:22:18,634.0
22436,2026-08-19,BSB,4,2026-08-19T14:00:00,2026-08-19T14:14:06,,,759.0
12952,2026-08-19,NDLS,1,,,2026-08-19T16:55:00,2026-08-19T16:55:00,0.0
12952,2026-08-19,KOTA,2,2026-08-19T21:30:00,2026-08-19T21:30:00,2026-08-19T21:40:00,2026-08-19T21:39:30,465.0
12952,2026-08-19,BRC,3,2026-08-20T03:40:00,2026-08-20T03:42:42,2026-08-20T03:50:00,2026-08-20T03:53:42,992.0
12952,2026-08-19,MMCT,4,2026-08-20T08:35:00,2026-08-20T08:41:18,,,1384.0
12302,2026-08-20,NDLS,1,,,2026-08-20T16:55:00,2026-08-20T16:57:00,0.0
12302,2026-08-20,CNB,2,2026-08-20T21:30:00,2026-08-20T21:40:06,2026-08-20T21:35:00,2026-08-20T21:45:36,440.0
12302,2026-08-20,PRYJ,3,2026-08-20T23:43:00,2026-08-20T23:52:00,2026-08-20T23:45:00,2026-08-20T23:56:00,634.0
12302,2026-08-20,DDU,4,2026-08-21T00:45:00,2026-08-21T00:58:42,2026-08-21T00:55:00,2026-08-21T01:08:12,787.0
12302,2026-08-20,GAYA,5,2026-08-21T03:10:00,2026-08-21T03:24:30,2026-08-21T03:13:00,2026-08-21T03:29:30,992.0
12302,2026-08-20,DHN,6,2026-08-21T05:55:00,2026-08-21T06:07:24,2026-08-21T06:00:00,2026-08-21T06:11:54,1193.0
12302,2026-08-20,ASN,7,2026-08-21T06:54:00,2026-08-21T07:06:00,2026-08-21T06:56:00,2026-08-21T07:10:00,1251.0
12302,2026-08-20,HWH,8,2026-08-21T09:55:00,2026-08-21T10:09:36,,,1450.0
22436,2026-08-20,NDLS,1,,,2026-08-20T06:00:00,2026-08-20T06:00:00,0.0
22436,2026-08-20,CNB,2,2026-08-20T10:08:00,2026-08-20T10:11:48,2026-08-20T10:10:00,2026-08-20T10:13:48,440.0
22436,2026-08-20,PRYJ,3,2026-08-20T12:08:00,2026-08-20T12:10:06,2026-08-20T12:10:00,2026-08-20T12:14:06,634.0
22436,2026-08-20,BSB,4,2026-08-20T14:00:00,2026-08-20T14:03:12,,,759.0
12952,2026-08-20,NDLS,1,,,2026-08-20T16:55:00,2026-08-20T17:00:00,0.0
12952,2026-08-20,KOTA,2,2026-08-20T21:30:00,2026-08-20T21:38:12,2026-08-20T21:40:00,2026-08-20T21:47:42,465.0
12952,2026-08-20,BRC,3,2026-08-21T03:40:00,2026-08-21T03:48:42,2026-08-21T03:50:00,2026-08-21T04:00:42,992.0
12952,2026-08-20,MMCT,4,2026-08-21T08:35:00,2026-08-21T08:47:06,,,1384.0
12302,2026-08-21,NDLS,1,,,2026-08-21T16:55:00,2026-08-21T17:00:00,0.0
12302,2026-08-21,CNB,2,2026-08-21T21:30:00,2026-08-21T21:43:00,2026-08-21T21:35:00,2026-08-21T21:50:00,440.0
12302,2026-08-21,PRYJ,3,2026-08-21T23:43:00,2026-08-21T23:54:18,2026-08-21T23:45:00,2026-08-21T23:55:48,634.0
12302,2026-08-21,DDU,4,2026-08-22T00:45:00,2026-08-22T01:02:48,2026-08-22T00:55:00,2026-08-22T01:14:48,787.0
12302,2026-08-21,GAYA,5,2026-08-22T03:10:00,2026-08-22T03:25:24,2026-08-22T03:13:00,2026-08-22T03:27:54,992.0
12302,2026-08-21,DHN,6,2026-08-22T05:55:00,2026-08-22T06:07:48,2026-08-22T06:00:00,2026-08-22T06:14:48,1193.0
12302,2026-08-21,ASN,7,2026-08-22T06:54:00,2026-08-22T07:05:42,2026-08-22T06:56:00,2026-08-22T07:09:42,1251.0
12302,2026-08-21,HWH,8,2026-08-22T09:55:00,2026-08-22T10:07:06,,,1450.0
22436,2026-08-21,NDLS,1,,,2026-08-21T06:00:00,2026-08-21T06:10:00,0.0
22436,2026-08-21,CNB,2,2026-08-21T10:08:00,2026-08-21T10:24:18,2026-08-21T10:10:00,2026-08-21T10:26:48,440.0
22436,2026-08-21,PRYJ,3,2026-08-21T12:08:00,2026-08-21T12:22:36,2026-08-21T12:10:00,2026-08-21T12:25:36,634.0
22436,2026-08-21,BSB,4,2026-08-21T14:00:00,2026-08-21T14:15:42,,,759.0
12952,2026-08-21,NDLS,1,,,2026-08-21T16:55:00,2026-08-21T16:57:00,0.0
12952,2026-08-21,KOTA,2,2026-08-21T21:30:00,2026-08-21T21:31:42,2026-08-21T21:40:00,2026-08-21T21:42:12,465.0
12952,2026-08-21,BRC,3,2026-08-22T03:40:00,2026-08-22T03:43:54,2026-08-22T03:50:00,2026-08-22T03:54:24,992.0
12952,2026-08-21,MMCT,4,2026-08-22T08:35:00,2026-08-22T08:39:42,,,1384.0
12302,2026-08-22,NDLS,1,,,2026-08-22T16:55:00,2026-08-22T16:55:00,0.0
12302,2026-08-22,CNB,2,2026-08-22T21:30:00,2026-08-22T21:38:36,2026-08-22T21:35:00,2026-08-22T21:45:36,440.0
12302,2026-08-22,PRYJ,3,2026-08-22T23:43:00,2026-08-22T23:49:00,2026-08-22T23:45:00,2026-08-22T23:51:00,634.0
12302,2026-08-22,DDU,4,2026-08-23T00:45:00,2026-08-23T00:57:54,2026-08-23T00:55:00,2026-08-23T01:08:24,787.0
12302,2026-08-22,GAYA,5,2026-08-23T03:10:00,2026-08-23T03:24:12,2026-08-23T03:13:00,2026-08-23T03:26:42,992.0
12302,2026-08-22,DHN,6,2026-08-23T05:55:00,2026-08-23T06:05:54,2026-08-23T06:00:00,2026-08-23T06:10:54,1193.0
12302,2026-08-22,ASN,7,2026-08-23T06:54:00,2026-08-23T07:05:36,2026-08-23T06:56:00,2026-08-23T07:09:36,1251.0
12302,2026-08-22,HWH,8,2026-08-23T09:55:00,2026-08-23T10:05:06,,,1450.0
22436,2026-08-22,NDLS,1,,,2026-08-22T06:00:00,2026-08-22T06:00:00,0.0
22436,2026-08-22,CNB,2,2026-08-22T10:08:00,2026-08-22T10:11:06,2026-08-22T10:10:00,2026-08-22T10:15:06,440.0
22436,2026-08-22,PRYJ,3,2026-08-22T12:08:00,2026-08-22T12:11:30,2026-08-22T12:10:00,2026-08-22T12:13:00,634.0
22436,2026-08-22,BSB,4,2026-08-22T14:00:00,2026-08-22T14:04:00,,,759.0
12952,2026-08-22,NDLS,1,,,2026-08-22T16:55:00,2026-08-22T16:55:00,0.0
12952,2026-08-22,KOTA,2,2026-08-22T21:30:00,2026-08-22T21:30:00,2026-08-22T21:40:00,2026-08-22T21:40:30,465.0
12952,2026-08-22,BRC,3,2026-08-23T03:40:00,2026-08-23T03:40:18,2026-08-23T03:50:00,2026-08-23T03:52:18,992.0
12952,2026-08-22,MMCT,4,2026-08-23T08:35:00,2026-08-23T08:37:30,,,1384.0
12302,2026-08-23,NDLS,1,,,2026-08-23T16:55:00,2026-08-23T17:00:00,0.0
12302,2026-08-23,CNB,2,2026-08-23T21:30:00,2026-08-23T21:42:36,2026-08-23T21:35:00,2026-08-23T21:47:06,440.0
12302,2026-08-23,PRYJ,3,2026-08-23T23:43:00,2026-08-23T23:50:18,2026-08-23T23:45:00,2026-08-23T23:51:48,634.0
12302,2026-08-23,DDU,4,2026-08-24T00:45:00,2026-08-24T00:59:18,2026-08-24T00:55:00,2026-08-24T01:08:48,787.0
12302,2026-08-23,GAYA,5,2026-08-24T03:10:00,2026-08-24T03:25:06,2026-08-24T03:13:00,2026-08-24T03:28:06,992.0
12302,2026-08-23,DHN,6,2026-08-24T05:55:00,2026-08-24T06:10:24,2026-08-24T06:00:00,2026-08-24T06:17:24,1193.0
12302,2026-08-23,ASN,7,2026-08-24T06:54:00,2026-08-24T07:08:54,2026-08-24T06:56:00,2026-08-24T07:11:24,1251.0
12302,2026-08-23,HWH,8,2026-08-24T09:55:00,2026-08-24T10:11:48,,,1450.0
22436,2026-08-23,NDLS,1,,,2026-08-23T06:00:00,2026-08-23T06:05:00,0.0
22436,2026-08-23,CNB,2,2026-08-23T10:08:00,2026-08-23T10:17:54,2026-08-23T10:10:00,2026-08-23T10:20:54,440.0
22436,2026-08-23,PRYJ,3,2026-08-23T12:08:00,2026-08-23T12:16:30,2026-08-23T12:10:00,2026-08-23T12:20:30,634.0
22436,2026-08-23,BSB,4,2026-08-23T14:00:00,2026-08-23T14:07:36,,,759.0
12952,2026-08-23,NDLS,1,,,2026-08-23T16:55:00,2026-08-23T16:55:00,0.0
12952,2026-08-23,KOTA,2,2026-08-23T21:30:00,2026-08-23T21:32:24,2026-08-23T21:40:00,2026-08-23T21:43:24,465.0
12952,2026-08-23,BRC,3,2026-08-24T03:40:00,2026-08-24T03:43:06,2026-08-24T03:50:00,2026-08-24T03:53:36,992.0
12952,2026-08-23,MMCT,4,2026-08-24T08:35:00,2026-08-24T08:37:00,,,1384.0
12302,2026-08-24,NDLS,1,,,2026-08-24T16:55:00,2026-08-24T16:55:00,0.0
12302,2026-08-24,CNB,2,2026-08-24T21:30:00,2026-08-24T21:30:00,2026-08-24T21:35:00,2026-08-24T21:35:30,440.0
12302,2026-08-24,PRYJ,3,2026-08-24T23:43:00,2026-08-24T23:43:00,2026-08-24T23:45:00,2026-08-24T23:45:30,634.0
12302,2026-08-24,DDU,4,2026-08-25T00:45:00,2026-08-25T00:45:30,2026-08-25T00:55:00,2026-08-25T00:56:00,787.0
12302,2026-08-24,GAYA,5,2026-08-25T03:10:00,2026-08-25T03:10:12,2026-08-25T03:13:00,2026-08-25T03:13:42,992.0
12302,2026-08-24,DHN,6,2026-08-25T05:55:00,2026-08-25T05:55:00,2026-08-25T06:00:00,2026-08-25T06:02:00,1193.0
12302,2026-08-24,ASN,7,2026-08-25T06:54:00,2026-08-25T06:54:00,2026-08-25T06:56:00,2026-08-25T06:56:30,1251.0
12302,2026-08-24,HWH,8,2026-08-25T09:55:00,2026-08-25T09:55:00,,,1450.0
22436,2026-08-24,NDLS,1,,,2026-08-24T06:00:00,2026-08-24T06:10:00,0.0
22436,2026-08-24,CNB,2,2026-08-24T10:08:00,2026-08-24T10:22:18,2026-08-24T10:10:00,2026-08-24T10:25:18,440.0
22436,2026-08-24,PRYJ,3,2026-08-24T12:08:00,2026-08-24T12:19:36,2026-08-24T12:10:00,2026-08-24T12:21:36,634.0
22436,2026-08-24,BSB,4,2026-08-24T14:00:00,2026-08-24T14:09:06,,,759.0
12952,2026-08-24,NDLS,1,,,2026-08-24T16:55:00,2026-08-24T17:00:00,0.0
12952,2026-08-24,KOTA,2,2026-08-24T21:30:00,2026-08-24T21:33:54,2026-08-24T21:40:00,2026-08-24T21:44:24,465.0
12952,2026-08-24,BRC,3,2026-08-25T03:40:00,2026-08-25T03:46:24,2026-08-25T03:50:00,2026-08-25T03:56:54,992.0
12952,2026-08-24,MMCT,4,2026-08-25T08:35:00,2026-08-25T08:43:00,,,1384.0
12302,2026-08-25,NDLS,1,,,2026-08-25T16:55:00,2026-08-25T16:57:00,0.0
12302,2026-08-25,CNB,2,2026-08-25T21:30:00,2026-08-25T21:37:48,2026-08-25T21:35:00,2026-08-25T21:42:18,440.0
12302,2026-08-25,PRYJ,3,2026-08-25T23:43:00,2026-08-25T23:46:00,2026-08-25T23:45:00,2026-08-25T23:48:00,634.0
12302,2026-08-25,DDU,4,2026-08-26T00:45:00,2026-08-26T00:50:12,2026-08-26T00:55:00,2026-08-26T01:01:12,787.0
12302,2026-08-25,GAYA,5,2026-08-26T03:10:00,2026-08-26T03:17:00,2026-08-26T03:13:00,2026-08-26T03:20:00,992.0
12302,2026-08-25,DHN,6,2026-08-26T05:55:00,2026-08-26T05:58:36,2026-08-26T06:00:00,2026-08-26T06:05:36,1193.0
12302,2026-08-25,ASN,7,2026-08-26T06:54:00,2026-08-26T06:56:06,2026-08-26T06:56:00,2026-08-26T07:00:06,1251.0
12302,2026-08-25,HWH,8,2026-08-26T09:55:00,2026-08-26T10:00:36,,,1450.0
22436,2026-08-25,NDLS,1,,,2026-08-25T06:00:00,2026-08-25T06:00:00,0.0
22436,2026-08-25,CNB,2,2026-08-25T10:08:00,2026-08-25T10:16:42,2026-08-25T10:10:00,2026-08-25T10:19:12,440.0
22436,2026-08-25,PRYJ,3,2026-08-25T12:08:00,2026-08-25T12:14:42,2026-08-25T12:10:00,2026-08-25T12:17:42,634.0
22436,2026-08-25,BSB,4,2026-08-25T14:00:00,2026-08-25T14:03:18,,,759.0
12952,2026-08-25,NDLS,1,,,2026-08-25T16:55:00,2026-08-25T17:05:00,0.0
12952,2026-08-25,KOTA,2,2026-08-25T21:30:00,2026-08-25T21:37:48,2026-08-25T21:40:00,2026-08-25T21:47:18,465.0
12952,2026-08-25,BRC,3,2026-08-26T03:40:00,2026-08-26T03:48:54,2026-08-26T03:50:00,2026-08-26T03:59:54,992.0
12952,2026-08-25,MMCT,4,2026-08-26T08:35:00,2026-08-26T08:43:54,,,1384.0
12302,2026-08-26,NDLS,1,,,2026-08-26T16:55:00,2026-08-26T16:57:00,0.0
12302,2026-08-26,CNB,2,2026-08-26T21:30:00,2026-08-26T21:38:00,2026-08-26T21:35:00,2026-08-26T21:43:30,440.0
12302,2026-08-26,PRYJ,3,2026-08-26T23:43:00,2026-08-26T23:49:30,2026-08-26T23:45:00,2026-08-26T23:53:30,634.0
12302,2026-08-26,DDU,4,2026-08-27T00:45:00,2026-08-27T00:51:36,2026-08-27T00:55:00,2026-08-27T01:02:36,787.0
12302,2026-08-26,GAYA,5,2026-08-27T03:10:00,2026-08-27T03:20:00,2026-08-27T03:13:00,2026-08-27T03:23:30,992.0
12302,2026-08-26,DHN,6,2026-08-27T05:55:00,2026-08-27T06:04:12,2026-08-27T06:00:00,2026-08-27T06:11:12,1193.0
12302,2026-08-26,ASN,7,2026-08-27T06:54:00,2026-08-27T07:02:36,2026-08-27T06:56:00,2026-08-27T07:05:36,1251.0
12302,2026-08-26,HWH,8,2026-08-27T09:55:00,2026-08-27T10:06:42,,,1450.0
22436,2026-08-26,NDLS,1,,,2026-08-26T06:00:00,2026-08-26T06:10:00,0.0
22436,2026-08-26,CNB,2,2026-08-26T10:08:00,2026-08-26T10:18:36,2026-08-26T10:10:00,2026-08-26T10:21:06,440.0
22436,2026-08-26,PRYJ,3,2026-08-26T12:08:00,2026-08-26T12:16:18,2026-08-26T12:10:00,2026-08-26T12:18:18,634.0
22436,2026-08-26,BSB,4,2026-08-26T14:00:00,2026-08-26T14:08:54,,,759.0
12952,2026-08-26,NDLS,1,,,2026-08-26T16:55:00,2026-08-26T16:55:00,0.0
12952,2026-08-26,KOTA,2,2026-08-26T21:30:00,2026-08-26T21:32:00,2026-08-26T21:40:00,2026-08-26T21:44:00,465.0
12952,2026-08-26,BRC,3,2026-08-27T03:40:00,2026-08-27T03:42:18,2026-08-27T03:50:00,2026-08-27T03:53:18,992.0
12952,2026-08-26,MMCT,4,2026-08-27T08:35:00,2026-08-27T08:37:54,,,1384.0
12302,2026-08-27,NDLS,1,,,2026-08-27T16:55:00,2026-08-27T17:00:00,0.0
12302,2026-08-27,CNB,2,2026-08-27T21:30:00,2026-08-27T21:37:36,2026-08-27T21:35:00,2026-08-27T21:44:36,440.0
12302,2026-08-27,PRYJ,3,2026-08-27T23:43:00,2026-08-27T23:51:36,2026-08-27T23:45:00,2026-08-27T23:53:06,634.0
12302,2026-08-27,DDU,4,2026-08-28T00:45:00,2026-08-28T00:54:30,2026-08-28T00:55:00,2026-08-28T01:04:00,787.0
12302,2026-08-27,GAYA,5,2026-08-28T03:10:00,2026-08-28T03:19:42,2026-08-28T03:13:00,2026-08-28T03:23:42,992.0
12302,2026-08-27,DHN,6,2026-08-28T05:55:00,2026-08-28T06:01:54,2026-08-28T06:00:00,2026-08-28T06:07:54,1193.0
12302,2026-08-27,ASN,7,2026-08-28T06:54:00,2026-08-28T07:01:12,2026-08-28T06:56:00,2026-08-28T07:04:12,1251.0
12302,2026-08-27,HWH,8,2026-08-28T09:55:00,2026-08-28T10:02:54,,,1450.0
22436,2026-08-27,NDLS,1,,,2026-08-27T06:00:00,2026-08-27T06:00:00,0.0
22436,2026-08-27,CNB,2,2026-08-27T10:08:00,2026-08-27T10:16:48,2026-08-27T10:10:00,2026-08-27T10:19:18,440.0
22436,2026-08-27,PRYJ,3,2026-08-27T12:08:00,2026-08-27T12:16:24,2026-08-27T12:10:00,2026-08-27T12:19:24,634.0
22436,2026-08-27,BSB,4,2026-08-27T14:00:00,2026-08-27T14:11:12,,,759.0
12952,2026-08-27,NDLS,1,,,2026-08-27T16:55:00,2026-08-27T17:05:00,0.0
12952,2026-08-27,KOTA,2,2026-08-27T21:30:00,2026-08-27T21:40:24,2026-08-27T21:40:00,2026-08-27T21:50:54,465.0
12952,2026-08-27,BRC,3,2026-08-28T03:40:00,2026-08-28T03:51:30,2026-08-28T03:50:00,2026-08-28T04:02:30,992.0
12952,2026-08-27,MMCT,4,2026-08-28T08:35:00,2026-08-28T08:47:12,,,1384.0
12302,2026-08-28,NDLS,1,,,2026-08-28T16:55:00,2026-08-28T17:05:00,0.0
12302,2026-08-28,CNB,2,2026-08-28T21:30:00,2026-08-28T21:45:54,2026-08-28T21:35:00,2026-08-28T21:51:54,440.0
12302,2026-08-28,PRYJ,3,2026-08-28T23:43:00,2026-08-28T23:58:00,2026-08-28T23:45:00,2026-08-29T00:01:00,634.0
12302,2026-08-28,DDU,4,2026-08-29T00:45:00,2026-08-29T01:04:18,2026-08-29T00:55:00,2026-08-29T01:14:48,787.0
12302,2026-08-28,GAYA,5,2026-08-29T03:10:00,2026-08-29T03:28:12,2026-08-29T03:13:00,2026-08-29T03:31:12,992.0
12302,2026-08-28,DHN,6,2026-08-29T05:55:00,2026-08-29T06:09:06,2026-08-29T06:00:00,2026-08-29T06:14:06,1193.0
12302,2026-08-28,ASN,7,2026-08-29T06:54:00,2026-08-29T07:04:36,2026-08-29T06:56:00,2026-08-29T07:08:36,1251.0
12302,2026-08-28,HWH,8,2026-08-29T09:55:00,2026-08-29T10:05:24,,,1450.0
22436,2026-08-28,NDLS,1,,,2026-08-28T06:00:00,2026-08-28T06:00:00,0.0
22436,2026-08-28,CNB,2,2026-08-28T10:08:00,2026-08-28T10:11:54,2026-08-28T10:10:00,2026-08-28T10:13:54,440.0
22436,2026-08-28,PRYJ,3,2026-08-28T12:08:00,2026-08-28T12:14:24,2026-08-28T12:10:00,2026-08-28T12:16:24,634.0
22436,2026-08-28,BSB,4,2026-08-28T14:00:00,2026-08-28T14:06:24,,,759.0
12952,2026-08-28,NDLS,1,,,2026-08-28T16:55:00,2026-08-28T16:55:00,0.0
12952,2026-08-28,KOTA,2,2026-08-28T21:30:00,2026-08-28T21:30:48,2026-08-28T21:40:00,2026-08-28T21:40:18,465.0
12952,2026-08-28,BRC,3,2026-08-29T03:40:00,2026-08-29T03:41:54,2026-08-29T03:50:00,2026-08-29T03:52:24,992.0
12952,2026-08-28,MMCT,4,2026-08-29T08:35:00,2026-08-29T08:37:12,,,1384.0
12302,2026-08-29,NDLS,1,,,2026-08-29T16:55:00,2026-08-29T17:05:00,0.0
12302,2026-08-29,CNB,2,2026-08-29T21:30:00,2026-08-29T21:39:48,2026-08-29T21:35:00,2026-08-29T21:45:18,440.0
12302,2026-08-29,PRYJ,3,2026-08-29T23:43:00,2026-08-29T23:49:06,2026-08-29T23:45:00,2026-08-29T23:50:36,634.0
12302,2026-08-29,DDU,4,2026-08-30T00:45:00,2026-08-30T00:50:18,2026-08-30T00:55:00,2026-08-30T01:01:18,787.0
12302,2026-08-29,GAYA,5,2026-08-30T03:10:00,2026-08-30T03:18:06,2026-08-30T03:13:00,2026-08-30T03:20:36,992.0
12302,2026-08-29,DHN,6,2026-08-30T05:55:00,2026-08-30T06:03:18,2026-08-30T06:00:00,2026-08-30T06:07:48,1193.0
12302,2026-08-29,ASN,7,2026-08-30T06:54:00,2026-08-30T07:00:42,2026-08-30T06:56:00,2026-08-30T07:02:42,1251.0
12302,2026-08-29,HWH,8,2026-08-30T09:55:00,2026-08-30T10:00:18,,,1450.0
22436,2026-08-29,NDLS,1,,,2026-08-29T06:00:00,2026-08-29T06:00:00,0.0
22436,2026-08-29,CNB,2,2026-08-29T10:08:00,2026-08-29T10:08:54,2026-08-29T10:10:00,2026-08-29T10:10:54,440.0
22436,2026-08-29,PRYJ,3,2026-08-29T12:08:00,2026-08-29T12:08:06,2026-08-29T12:10:00,2026-08-29T12:10:06,634.0
22436,2026-08-29,BSB,4,2026-08-29T14:00:00,2026-08-29T14:01:18,,,759.0
12952,2026-08-29,NDLS,1,,,2026-08-29T16:55:00,2026-08-29T16:55:00,0.0
12952,2026-08-29,KOTA,2,2026-08-29T21:30:00,2026-08-29T21:30:00,2026-08-29T21:40:00,2026-08-29T21:41:00,465.0
12952,2026-08-29,BRC,3,2026-08-30T03:40:00,2026-08-30T03:41:06,2026-08-30T03:50:00,2026-08-30T03:51:06,992.0
12952,2026-08-29,MMCT,4,2026-08-30T08:35:00,2026-08-30T08:36:54,,,1384.0
12302,2026-08-30,NDLS,1,,,2026-08-30T16:55:00,2026-08-30T16:55:00,0.0
12302,2026-08-30,CNB,2,2026-08-30T21:30:00,2026-08-30T21:38:42,2026-08-30T21:35:00,2026-08-30T21:44:42,440.0
12302,2026-08-30,PRYJ,3,2026-08-30T23:43:00,2026-08-30T23:50:48,2026-08-30T23:45:00,2026-08-30T23:53:18,634.0
12302,2026-08-30,DDU,4,2026-08-31T00:45:00,2026-08-31T00:52:42,2026-08-31T00:55:00,2026-08-31T01:04:42,787.0
12302,2026-08-30,GAYA,5,2026-08-31T03:10:00,2026-08-31T03:19:00,2026-08-31T03:13:00,2026-08-31T03:22:30,992.0
12302,2026-08-30,DHN,6,2026-08-31T05:55:00,2026-08-31T06:03:30,2026-08-31T06:00:00,2026-08-31T06:09:30,1193.0
12302,2026-08-30,ASN,7,2026-08-31T06:54:00,2026-08-31T07:01:18,2026-08-31T06:56:00,2026-08-31T07:03:48,1251.0
12302,2026-08-30,HWH,8,2026-08-31T09:55:00,2026-08-31T10:02:18,,,1450.0
22436,2026-08-30,NDLS,1,,,2026-08-30T06:00:00,2026-08-30T06:10:00,0.0
22436,2026-08-30,CNB,2,2026-08-30T10:08:00,2026-08-30T10:24:48,2026-08-30T10:10:00,2026-08-30T10:28:48,440.0
22436,2026-08-30,PRYJ,3,2026-08-30T12:08:00,2026-08-30T12:22:18,2026-08-30T12:10:00,2026-08-30T12:25:18,634.0
22436,2026-08-30,BSB,4,2026-08-30T14:00:00,2026-08-30T14:13:42,,,759.0
12952,2026-08-30,NDLS,1,,,2026-08-30T16:55:00,2026-08-30T17:05:00,0.0
12952,2026-08-30,KOTA,2,2026-08-30T21:30:00,2026-08-30T21:37:06,2026-08-30T21:40:00,2026-08-30T21:49:06,465.0
12952,2026-08-30,BRC,3,2026-08-31T03:40:00,2026-08-31T03:48:00,2026-08-31T03:50:00,2026-08-31T04:00:00,992.0
12952,2026-08-30,MMCT,4,2026-08-31T08:35:00,2026-08-31T08:43:42,,,1384.0
12302,2026-08-31,NDLS,1,,,2026-08-31T16:55:00,2026-08-31T17:05:00,0.0
12302,2026-08-31,CNB,2,2026-08-31T21:30:00,2026-08-31T21:46:06,2026-08-31T21:35:00,2026-08-31T21:50:36,440.0
12302,2026-08-31,PRYJ,3,2026-08-31T23:43:00,2026-08-31T23:57:54,2026-08-31T23:45:00,2026-08-31T23:59:24,634.0
12302,2026-08-31,DDU,4,2026-09-01T00:45:00,2026-09-01T01:15:06,2026-09-01T00:55:00,2026-09-01T01:26:06,787.0
12302,2026-08-31,GAYA,5,2026-09-01T03:10:00,2026-09-01T03:38:48,2026-09-01T03:13:00,2026-09-01T03:41:18,992.0
12302,2026-08-31,DHN,6,2026-09-01T05:55:00,2026-09-01T06:25:36,2026-09-01T06:00:00,2026-09-01T06:32:36,1193.0
12302,2026-08-31,ASN,7,2026-09-01T06:54:00,2026-09-01T07:23:54,2026-09-01T06:56:00,2026-09-01T07:25:24,1251.0
12302,2026-08-31,HWH,8,2026-09-01T09:55:00,2026-09-01T10:23:30,,,1450.0
22436,2026-08-31,NDLS,1,,,2026-08-31T06:00:00,2026-08-31T06:10:00,0.0
22436,2026-08-31,CNB,2,2026-08-31T10:08:00,2026-08-31T10:16:36,2026-08-31T10:10:00,2026-08-31T10:20:36,440.0
22436,2026-08-31,PRYJ,3,2026-08-31T12:08:00,2026-08-31T12:17:18,2026-08-31T12:10:00,2026-08-31T12:21:18,634.0
22436,2026-08-31,BSB,4,2026-08-31T14:00:00,2026-08-31T14:09:24,,,759.0
12952,2026-08-31,NDLS,1,,,2026-08-31T16:55:00,2026-08-31T16:57:00,0.0
12952,2026-08-31,KOTA,2,2026-08-31T21:30:00,2026-08-31T21:33:18,2026-08-31T21:40:00,2026-08-31T21:45:18,465.0
12952,2026-08-31,BRC,3,2026-09-01T03:40:00,2026-09-01T03:42:48,2026-09-01T03:50:00,2026-09-01T03:53:48,992.0
12952,2026-08-31,MMCT,4,2026-09-01T08:35:00,2026-09-01T08:37:30,,,1384.0
12302,2026-09-01,NDLS,1,,,2026-09-01T16:55:00,2026-09-01T16:55:00,0.0
12302,2026-09-01,CNB,2,2026-09-01T21:30:00,2026-09-01T21:31:24,2026-09-01T21:35:00,2026-09-01T21:36:24,440.0
12302,2026-09-01,PRYJ,3,2026-09-01T23:43:00,2026-09-01T23:43:00,2026-09-01T23:45:00,2026-09-01T23:47:00,634.0
12302,2026-09-01,DDU,4,2026-09-02T00:45:00,2026-09-02T00:51:24,2026-09-02T00:55:00,2026-09-02T01:00:54,787.0
12302,2026-09-01,GAYA,5,2026-09-02T03:10:00,2026-09-02T03:17:00,2026-09-02T03:13:00,2026-09-02T03:19:30,992.0
12302,2026-09-01,DHN,6,2026-09-02T05:55:00,2026-09-02T06:00:24,2026-09-02T06:00:00,2026-09-02T06:07:24,1193.0
12302,2026-09-01,ASN,7,2026-09-02T06:54:00,2026-09-02T06:56:48,2026-09-02T06:56:00,2026-09-02T06:59:48,1251.0
12302,2026-09-01,HWH,8,2026-09-02T09:55:00,2026-09-02T09:58:48,,,1450.0
22436,2026-09-01,NDLS,1,,,2026-09-01T06:00:00,2026-09-01T06:05:00,0.0
22436,2026-09-01,CNB,2,2026-09-01T10:08:00,2026-09-01T10:17:06,2026-09-01T10:10:00,2026-09-01T10:18:36,440.0
22436,2026-09-01,PRYJ,3,2026-09-01T12:08:00,2026-09-01T12:14:18,2026-09-01T12:10:00,2026-09-01T12:16:48,634.0
22436,2026-09-01,BSB,4,2026-09-01T14:00:00,2026-09-01T14:08:12,,,759.0
12952,2026-09-01,NDLS,1,,,2026-09-01T16:55:00,2026-09-01T16:55:00,0.0
12952,2026-09-01,KOTA,2,2026-09-01T21:30:00,2026-09-01T21:30:00,2026-09-01T21:40:00,2026-09-01T21:39:30,465.0
12952,2026-09-01,BRC,3,2026-09-02T03:40:00,2026-09-02T03:41:12,2026-09-02T03:50:00,2026-09-02T03:52:12,992.0
12952,2026-09-01,MMCT,4,2026-09-02T08:35:00,2026-09-02T08:35:00,,,1384.0
12302,2026-09-02,NDLS,1,,,2026-09-02T16:55:00,2026-09-02T16:55:00,0.0
12302,2026-09-02,CNB,2,2026-09-02T21:30:00,2026-09-02T21:32:12,2026-09-02T21:35:00,2026-09-02T21:37:12,440.0
12302,2026-09-02,PRYJ,3,2026-09-02T23:43:00,2026-09-02T23:44:30,2026-09-02T23:45:00,2026-09-02T23:48:30,634.0
12302,2026-09-02,DDU,4,2026-09-03T00:45:00,2026-09-03T00:54:36,2026-09-03T00:55:00,2026-09-03T01:05:06,787.0
12302,2026-09-02,GAYA,5,2026-09-03T03:10:00,2026-09-03T03:19:24,2026-09-03T03:13:00,2026-09-03T03:24:24,992.0
12302,2026-09-02,DHN,6,2026-09-03T05:55:00,2026-09-03T06:04:24,2026-09-03T06:00:00,2026-09-03T06:10:24,1193.0
12302,2026-09-02,ASN,7,2026-09-03T06:54:00,2026-09-03T07:01:12,2026-09-03T06:56:00,2026-09-03T07:05:12,1251.0
12302,2026-09-02,HWH,8,2026-09-03T09:55:00,2026-09-03T10:04:48,,,1450.0
22436,2026-09-02,NDLS,1,,,2026-09-02T06:00:00,2026-09-02T06:05:00,0.0
22436,2026-09-02,CNB,2,2026-09-02T10:08:00,2026-09-02T10:09:48,2026-09-02T10:10:00,2026-09-02T10:12:18,440.0
22436,2026-09-02,PRYJ,3,2026-09-02T12:08:00,2026-09-02T12:08:00,2026-09-02T12:10:00,2026-09-02T12:09:30,634.0
22436,2026-09-02,BSB,4,2026-09-02T14:00:00,2026-09-02T14:02:48,,,759.0
12952,2026-09-02,NDLS,1,,,2026-09-02T16:55:00,2026-09-02T16:55:00,0.0
12952,2026-09-02,KOTA,2,2026-09-02T21:30:00,2026-09-02T21:30:54,2026-09-02T21:40:00,2026-09-02T21:41:54,465.0
12952,2026-09-02,BRC,3,2026-09-03T03:40:00,2026-09-03T03:40:00,2026-09-03T03:50:00,2026-09-03T03:49:30,992.0
12952,2026-09-02,MMCT,4,2026-09-03T08:35:00,2026-09-03T08:35:30,,,1384.0
12302,2026-09-03,NDLS,1,,,2026-09-03T16:55:00,2026-09-03T17:05:00,0.0
12302,2026-09-03,CNB,2,2026-09-03T21:30:00,2026-09-03T21:44:12,2026-09-03T21:35:00,2026-09-03T21:51:12,440.0
12302,2026-09-03,PRYJ,3,2026-09-03T23:43:00,2026-09-03T23:57:12,2026-09-03T23:45:00,2026-09-04T00:01:12,634.0
12302,2026-09-03,DDU,4,2026-09-04T00:45:00,2026-09-04T01:00:42,2026-09-04T00:55:00,2026-09-04T01:11:42,787.0
12302,2026-09-03,GAYA,5,2026-09-04T03:10:00,2026-09-04T03:25:00,2026-09-04T03:13:00,2026-09-04T03:30:00,992.0
12302,2026-09-03,DHN,6,2026-09-04T05:55:00,2026-09-04T06:11:24,2026-09-04T06:00:00,2026-09-04T06:18:24,1193.0
12302,2026-09-03,ASN,7,2026-09-04T06:54:00,2026-09-04T07:12:36,2026-09-04T06:56:00,2026-09-04T07:15:06,1251.0
12302,2026-09-03,HWH,8,2026-09-04T09:55:00,2026-09-04T10:12:48,,,1450.0
22436,2026-09-03,NDLS,1,,,2026-09-03T06:00:00,2026-09-03T06:05:00,0.0
22436,2026-09-03,CNB,2,2026-09-03T10:08:00,2026-09-03T10:18:54,2026-09-03T10:10:00,2026-09-03T10:21:54,440.0
22436,2026-09-03,PRYJ,3,2026-09-03T12:08:00,2026-09-03T12:15:48,2026-09-03T12:10:00,2026-09-03T12:19:48,634.0
22436,2026-09-03,BSB,4,2026-09-03T14:00:00,2026-09-03T14:07:30,,,759.0
12952,2026-09-03,NDLS,1,,,2026-09-03T16:55:00,2026-09-03T16:55:00,0.0
12952,2026-09-03,KOTA,2,2026-09-03T21:30:00,2026-09-03T21:30:00,2026-09-03T21:40:00,2026-09-03T21:40:00,465.0
12952,2026-09-03,BRC,3,2026-09-04T03:40:00,2026-09-04T03:43:12,2026-09-04T03:50:00,2026-09-04T03:54:12,992.0
12952,2026-09-03,MMCT,4,2026-09-04T08:35:00,2026-09-04T08:41:30,,,1384.0
12302,2026-09-04,NDLS,1,,,2026-09-04T16:55:00,2026-09-04T17:00:00,0.0
12302,2026-09-04,CNB,2,2026-09-04T21:30:00,2026-09-04T21:35:42,2026-09-04T21:35:00,2026-09-04T21:41:12,440.0
12302,2026-09-04,PRYJ,3,2026-09-04T23:43:00,2026-09-04T23:46:54,2026-09-04T23:45:00,2026-09-04T23:50:54,634.0
12302,2026-09-04,DDU,4,2026-09-05T00:45:00,2026-09-05T00:58:18,2026-09-05T00:55:00,2026-09-05T01:08:18,787.0
12302,2026-09-04,GAYA,5,2026-09-05T03:10:00,2026-09-05T03:21:00,2026-09-05T03:13:00,2026-09-05T03:26:00,992.0
12302,2026-09-04,DHN,6,2026-09-05T05:55:00,2026-09-05T06:04:48,2026-09-05T06:00:00,2026-09-05T06:09:18,1193.0
12302,2026-09-04,ASN,7,2026-09-05T06:54:00,2026-09-05T07:00:42,2026-09-05T06:56:00,2026-09-05T07:04:42,1251.0
12302,2026-09-04,HWH,8,2026-09-05T09:55:00,2026-09-05T10:00:30,,,1450.0
22436,2026-09-04,NDLS,1,,,2026-09-04T06:00:00,2026-09-04T06:05:00,0.0
22436,2026-09-04,CNB,2,2026-09-04T10:08:00,2026-09-04T10:12:18,2026-09-04T10:10:00,2026-09-04T10:16:18,440.0
22436,2026-09-04,PRYJ,3,2026-09-04T12:08:00,2026-09-04T12:11:06,2026-09-04T12:10:00,2026-09-04T12:13:06,634.0
22436,2026-09-04,BSB,4,2026-09-04T14:00:00,2026-09-04T14:03:18,,,759.0
12952,2026-09-04,NDLS,1,,,2026-09-04T16:55:00,2026-09-04T16:57:00,0.0
12952,2026-09-04,KOTA,2,2026-09-04T21:30:00,2026-09-04T21:32:30,2026-09-04T21:40:00,2026-09-04T21:42:30,465.0
12952,2026-09-04,BRC,3,2026-09-05T03:40:00,2026-09-05T03:41:24,2026-09-05T03:50:00,2026-09-05T03:51:24,992.0
12952,2026-09-04,MMCT,4,2026-09-05T08:35:00,2026-09-05T08:35:00,,,1384.0
12302,2026-09-05,NDLS,1,,,2026-09-05T16:55:00,2026-09-05T16:55:00,0.0
12302,2026-09-05,CNB,2,2026-09-05T21:30:00,2026-09-05T21:35:36,2026-09-05T21:35:00,2026-09-05T21:40:36,440.0
12302,2026-09-05,PRYJ,3,2026-09-05T23:43:00,2026-09-05T23:46:36,2026-09-05T23:45:00,2026-09-05T23:49:06,634.0
12302,2026-09-05,DDU,4,2026-09-06T00:45:00,2026-09-06T00:55:24,2026-09-06T00:55:00,2026-09-06T01:05:54,787.0
12302,2026-09-05,GAYA,5,2026-09-06T03:10:00,2026-09-06T03:19:00,2026-09-06T03:13:00,2026-09-06T03:22:30,992.0
12302,2026-09-05,DHN,6,2026-09-06T05:55:00,2026-09-06T06:02:00,2026-09-06T06:00:00,2026-09-06T06:07:30,1193.0
12302,2026-09-05,ASN,7,2026-09-06T06:54:00,2026-09-06T07:00:42,2026-09-06T06:56:00,2026-09-06T07:04:42,1251.0
12302,2026-09-05,HWH,8,2026-09-06T09:55:00,2026-09-06T10:04:06,,,1450.0
22436,2026-09-05,NDLS,1,,,2026-09-05T06:00:00,2026-09-05T06:00:00,0.0
22436,2026-09-05,CNB,2,2026-09-05T10:08:00,2026-09-05T10:13:24,2026-09-05T10:10:00,2026-09-05T10:17:24,440.0
22436,2026-09-05,PRYJ,3,2026-09-05T12:08:00,2026-09-05T12:11:18,2026-09-05T12:10:00,2026-09-05T12:14:18,634.0
22436,2026-09-05,BSB,4,2026-09-05T14:00:00,2026-09-05T14:01:42,,,759.0
12952,2026-09-05,NDLS,1,,,2026-09-05T16:55:00,2026-09-05T16:57:00,0.0
12952,2026-09-05,KOTA,2,2026-09-05T21:30:00,2026-09-05T21:33:06,2026-09-05T21:40:00,2026-09-05T21:43:36,465.0
12952,2026-09-05,BRC,3,2026-09-06T03:40:00,2026-09-06T03:46:48,2026-09-06T03:50:00,2026-09-06T03:56:18,992.0
12952,2026-09-05,MMCT,4,2026-09-06T08:35:00,2026-09-06T08:43:54,,,1384.0
12302,2026-09-06,NDLS,1,,,2026-09-06T16:55:00,2026-09-06T17:00:00,0.0
12302,2026-09-06,CNB,2,2026-09-06T21:30:00,2026-09-06T21:36:30,2026-09-06T21:35:00,2026-09-06T21:43:30,440.0
12302,2026-09-06,PRYJ,3,2026-09-06T23:43:00,2026-09-06T23:48:30,2026-09-06T23:45:00,2026-09-06T23:52:30,634.0
12302,2026-09-06,DDU,4,2026-09-07T00:45:00,2026-09-07T00:56:48,2026-09-07T00:55:00,2026-09-07T01:07:48,787.0
12302,2026-09-06,GAYA,5,2026-09-07T03:10:00,2026-09-07T03:23:12,2026-09-07T03:13:00,2026-09-07T03:25:42,992.0
12302,2026-09-06,DHN,6,2026-09-07T05:55:00,2026-09-07T06:05:48,2026-09-07T06:00:00,2026-09-07T06:10:48,1193.0
12302,2026-09-06,ASN,7,2026-09-07T06:54:00,2026-09-07T07:06:18,2026-09-07T06:56:00,2026-09-07T07:10:18,1251.0
12302,2026-09-06,HWH,8,2026-09-07T09:55:00,2026-09-07T10:07:30,,,1450.0
22436,2026-09-06,NDLS,1,,,2026-09-06T06:00:00,2026-09-06T06:10:00,0.0
22436,2026-09-06,CNB,2,2026-09-06T10:08:00,2026-09-06T10:25:48,2026-09-06T10:10:00,2026-09-06T10:28:48,440.0
22436,2026-09-06,PRYJ,3,2026-09-06T12:08:00,2026-09-06T12:24:36,2026-09-06T12:10:00,2026-09-06T12:27:36,634.0
22436,2026-09-06,BSB,4,2026-09-06T14:00:00,2026-09-06T14:16:00,,,759.0
12952,2026-09-06,NDLS,1,,,2026-09-06T16:55:00,2026-09-06T16:55:00,0.0
12952,2026-09-06,KOTA,2,2026-09-06T21:30:00,2026-09-06T21:30:30,2026-09-06T21:40:00,2026-09-06T21:41:00,465.0
12952,2026-09-06,BRC,3,2026-09-07T03:40:00,2026-09-07T03:43:30,2026-09-07T03:50:00,2026-09-07T03:53:30,992.0
12952,2026-09-06,MMCT,4,2026-09-07T08:35:00,2026-09-07T08:40:48,,,1384.0
12302,2026-09-07,NDLS,1,,,2026-09-07T16:55:00,2026-09-07T17:00:00,0.0
12302,2026-09-07,CNB,2,2026-09-07T21:30:00,2026-09-07T21:36:30,2026-09-07T21:35:00,2026-09-07T21:41:00,440.0
12302,2026-09-07,PRYJ,3,2026-09-07T23:43:00,2026-09-07T23:47:18,2026-09-07T23:45:00,2026-09-07T23:50:18,634.0
12302,2026-09-07,DDU,4,2026-09-08T00:45:00,2026-09-08T00:54:30,2026-09-08T00:55:00,2026-09-08T01:05:30,787.0
12302,2026-09-07,GAYA,5,2026-09-08T03:10:00,2026-09-08T03:20:00,2026-09-08T03:13:00,2026-09-08T03:23:30,992.0
12302,2026-09-07,DHN,6,2026-09-08T05:55:00,2026-09-08T06:02:18,2026-09-08T06:00:00,2026-09-08T06:06:48,1193.0
12302,2026-09-07,ASN,7,2026-09-08T06:54:00,2026-09-08T07:01:06,2026-09-08T06:56:00,2026-09-08T07:02:36,1251.0
12302,2026-09-07,HWH,8,2026-09-08T09:55:00,2026-09-08T10:01:36,,,1450.0
22436,2026-09-07,NDLS,1,,,2026-09-07T06:00:00,2026-09-07T06:00:00,0.0
22436,2026-09-07,CNB,2,2026-09-07T10:08:00,2026-09-07T10:18:12,2026-09-07T10:10:00,2026-09-07T10:21:12,440.0
22436,2026-09-07,PRYJ,3,2026-09-07T12:08:00,2026-09-07T12:14:12,2026-09-07T12:10:00,2026-09-07T12:17:12,634.0
22436,2026-09-07,BSB,4,2026-09-07T14:00:00,2026-09-07T14:07:18,,,759.0
12952,2026-09-07,NDLS,1,,,2026-09-07T16:55:00,2026-09-07T16:55:00,0.0
12952,2026-09-07,KOTA,2,2026-09-07T21:30:00,2026-09-07T21:30:00,2026-09-07T21:40:00,2026-09-07T21:42:00,465.0
12952,2026-09-07,BRC,3,2026-09-08T03:40:00,2026-09-08T03:43:12,2026-09-08T03:50:00,2026-09-08T03:54:12,992.0
12952,2026-09-07,MMCT,4,2026-09-08T08:35:00,2026-09-08T08:38:06,,,1384.0
12302,2026-09-08,NDLS,1,,,2026-09-08T16:55:00,2026-09-08T17:00:00,0.0
12302,2026-09-08,CNB,2,2026-09-08T21:30:00,2026-09-08T21:38:54,2026-09-08T21:35:00,2026-09-08T21:44:54,440.0
12302,2026-09-08,PRYJ,3,2026-09-08T23:43:00,2026-09-08T23:51:24,2026-09-08T23:45:00,2026-09-08T23:54:24,634.0
12302,2026-09-08,DDU,4,2026-09-09T00:45:00,2026-09-09T00:52:36,2026-09-09T00:55:00,2026-09-09T01:03:36,787.0
12302,2026-09-08,GAYA,5,2026-09-09T03:10:00,2026-09-09T03:16:42,2026-09-09T03:13:00,2026-09-09T03:19:42,992.0
12302,2026-09-08,DHN,6,2026-09-09T05:55:00,2026-09-09T05:59:06,2026-09-09T06:00:00,2026-09-09T06:03:36,1193.0
12302,2026-09-08,ASN,7,2026-09-09T06:54:00,2026-09-09T06:54:36,2026-09-09T06:56:00,2026-09-09T06:56:06,1251.0
12302,2026-09-08,HWH,8,2026-09-09T09:55:00,2026-09-09T09:55:12,,,1450.0
22436,2026-09-08,NDLS,1,,,2026-09-08T06:00:00,2026-09-08T06:05:00,0.0
22436,2026-09-08,CNB,2,2026-09-08T10:08:00,2026-09-08T10:20:36,2026-09-08T10:10:00,2026-09-08T10:24:36,440.0
22436,2026-09-08,PRYJ,3,2026-09-08T12:08:00,2026-09-08T12:19:36,2026-09-08T12:10:00,2026-09-08T12:21:36,634.0
22436,2026-09-08,BSB,4,2026-09-08T14:00:00,2026-09-08T14:12:24,,,759.0
12952,2026-09-08,NDLS,1,,,2026-09-08T16:55:00,2026-09-08T17:00:00,0.0
12952,2026-09-08,KOTA,2,2026-09-08T21:30:00,2026-09-08T21:38:06,2026-09-08T21:40:00,2026-09-08T21:48:36,465.0
12952,2026-09-08,BRC,3,2026-09-09T03:40:00,2026-09-09T03:50:24,2026-09-09T03:50:00,2026-09-09T04:02:24,992.0
12952,2026-09-08,MMCT,4,2026-09-09T08:35:00,2026-09-09T08:43:42,,,1384.0
