train_number,run_date,station_code,sequence,scheduled_arrival,actual_arrival,scheduled_departure,actual_departure,distance_km,arrival_delay_min,departure_delay_min,station_dwell_time_min,scheduled_dwell_time_min,dwell_deviation_min,section_id,section_distance_km,sectional_running_time_min,scheduled_running_time_min,delay_recovery_min
12302,2026-08-05,NDLS,1,,,2026-08-05 16:55:00,2026-08-05 16:55:00,0.0,0.0,0.0,2.0,2.0,0.0,,0.0,,,0.0
12302,2026-08-05,CNB,2,2026-08-05 21:30:00,2026-08-05 21:33:54,2026-08-05 21:35:00,2026-08-05 21:39:24,440.0,3.9,4.4,5.5,5.0,0.5,NDLS->CNB,440.0,278.9,275.0,-3.9
12302,2026-08-05,PRYJ,3,2026-08-05 23:43:00,2026-08-05 23:43:54,2026-08-05 23:45:00,2026-08-05 23:45:54,634.0,0.9,0.9,2.0,2.0,0.0,CNB->PRYJ,194.0,124.5,128.0,3.5000000000000004
12302,2026-08-05,DDU,4,2026-08-06 00:45:00,2026-08-06 00:47:06,2026-08-06 00:55:00,2026-08-06 00:57:06,787.0,2.1,2.1,10.0,10.0,0.0,PRYJ->DDU,153.0,61.2,60.0,-1.2000000000000002
12302,2026-08-05,GAYA,5,2026-08-06 03:10:00,2026-08-06 03:10:00,2026-08-06 03:13:00,2026-08-06 03:12:30,992.0,0.0,-0.5,2.5,3.0,-0.5,DDU->GAYA,205.0,132.9,135.0,2.1
12302,2026-08-05,DHN,6,2026-08-06 05:55:00,2026-08-06 05:55:00,2026-08-06 06:00:00,2026-08-06 06:00:30,1193.0,0.0,0.5,5.5,5.0,0.5,GAYA->DHN,201.0,162.5,162.0,-0.5
12302,2026-08-05,ASN,7,2026-08-06 06:54:00,2026-08-06 06:54:00,2026-08-06 06:56:00,2026-08-06 06:56:30,1251.0,0.0,0.5,2.5,2.0,0.5,DHN->ASN,58.0,53.5,54.0,0.5
12302,2026-08-05,HWH,8,2026-08-06 09:55:00,2026-08-06 09:55:12,,,1450.0,0.2,0.2,2.0,2.0,0.0,ASN->HWH,199.0,178.7,179.0,0.3
12302,2026-08-06,NDLS,1,,,2026-08-06 16:55:00,2026-08-06 17:05:00,0.0,0.0,10.0,2.0,2.0,0.0,,0.0,,,0.0
12302,2026-08-06,CNB,2,2026-08-06 21:30:00,2026-08-06 21:44:42,2026-08-06 21:35:00,2026-08-06 21:49:42,440.0,14.7,14.7,5.0,5.0,0.0,NDLS->CNB,440.0,279.7,275.0,-4.699999999999999
12302,2026-08-06,PRYJ,3,2026-08-06 23:43:00,2026-08-06 23:55:54,2026-08-06 23:45:00,2026-08-06 23:59:54,634.0,12.9,14.9,4.0,2.0,2.0,CNB->PRYJ,194.0,126.2,128.0,1.799999999999999
12302,2026-08-06,DDU,4,2026-08-07 00:45:00,2026-08-07 00:58:12,2026-08-07 00:55:00,2026-08-07 01:08:12,787.0,13.2,13.2,10.0,10.0,0.0,PRYJ->DDU,153.0,58.3,60.0,1.700000000000001
12302,2026-08-06,GAYA,5,2026-08-07 03:10:00,2026-08-07 03:21:06,2026-08-07 03:13:00,2026-08-07 03:23:36,992.0,11.1,10.6,2.5,3.0,-0.5,DDU->GAYA,205.0,132.9,135.0,2.0999999999999996
12302,2026-08-06,DHN,6,2026-08-07 05:55:00,2026-08-07 06:03:24,2026-08-07 06:00:00,2026-08-07 06:09:24,1193.0,8.4,9.4,6.0,5.0,1.0,GAYA->DHN,201.0,159.8,162.0,2.1999999999999993
12302,2026-08-06,ASN,7,2026-08-07 06:54:00,2026-08-07 06:58:06,2026-08-07 06:56:00,2026-08-07 07:00:06,1251.0,4.1,4.1,2.0,2.0,0.0,DHN->ASN,58.0,48.7,54.0,5.300000000000001
12302,2026-08-06,HWH,8,2026-08-07 09:55:00,2026-08-07 09:58:30,,,1450.0,3.5,3.5,2.0,2.0,0.0,ASN->HWH,199.0,178.4,179.0,0.5999999999999996
12302,2026-08-07,NDLS,1,,,2026-08-07 16:55:00,2026-08-07 16:55:00,0.0,0.0,0.0,2.0,2.0,0.0,,0.0,,,0.0
12302,2026-08-07,CNB,2,2026-08-07 21:30:00,2026-08-07 21:33:48,2026-08-07 21:35:00,2026-08-07 21:40:48,440.0,3.8,5.8,7.0,5.0,2.0,NDLS->CNB,440.0,278.8,275.0,-3.8
12302,2026-08-07,PRYJ,3,2026-08-07 23:43:00,2026-08-07 23:44:06,2026-08-07 23:45:00,2026-08-07 23:47:06,634.0,1.1,2.1,3.0,2.0,1.0,CNB->PRYJ,194.0,123.3,128.0,4.699999999999999
12302,2026-08-07,DDU,4,2026-08-08 00:45:00,2026-08-08 00:54:24,2026-08-08 00:55:00,2026-08-08 01:03:54,787.0,9.4,8.9,9.5,10.0,-0.5,PRYJ->DDU,153.0,67.3,60.0,-7.300000000000001
12302,2026-08-07,GAYA,5,2026-08-08 03:10:00,2026-08-08 03:19:42,2026-08-08 03:13:00,2026-08-08 03:23:12,992.0,9.7,10.2,3.5,3.0,0.5,DDU->GAYA,205.0,135.8,135.0,-0.7999999999999989
12302,2026-08-07,DHN,6,2026-08-08 05:55:00,2026-08-08 06:01:42,2026-08-08 06:00:00,2026-08-08 06:06:42,1193.0,6.7,6.7,5.0,5.0,0.0,GAYA->DHN,201.0,158.5,162.0,3.499999999999999
12302,2026-08-07,ASN,7,2026-08-08 06:54:00,2026-08-08 06:55:42,2026-08-08 06:56:00,2026-08-08 06:58:12,1251.0,1.7,2.2,2.5,2.0,0.5,DHN->ASN,58.0,49.0,54.0,5.0
12302,2026-08-07,HWH,8,2026-08-08 09:55:00,2026-08-08 09:58:18,,,1450.0,3.3,3.3,2.0,2.0,0.0,ASN->HWH,199.0,180.1,179.0,-1.0999999999999996
12302,2026-08-08,NDLS,1,,,2026-08-08 16:55:00,2026-08-08 16:57:00,0.0,0.0,2.0,2.0,2.0,0.0,,0.0,,,0.0
12302,2026-08-08,CNB,2,2026-08-08 21:30:00,2026-08-08 21:39:48,2026-08-08 21:35:00,2026-08-08 21:46:48,440.0,9.8,11.8,7.0,5.0,2.0,NDLS->CNB,440.0,282.8,275.0,-7.800000000000001
12302,2026-08-08,PRYJ,3,2026-08-08 23:43:00,2026-08-08 23:52:54,2026-08-08 23:45:00,2026-08-08 23:55:24,634.0,9.9,10.4,2.5,2.0,0.5,CNB->PRYJ,194.0,126.1,128.0,1.9000000000000004
12302,2026-08-08,DDU,4,2026-08-09 00:45:00,2026-08-09 00:57:06,2026-08-09 00:55:00,2026-08-09 01:07:36,787.0,12.1,12.6,10.5,10.0,0.5,PRYJ->DDU,153.0,61.7,60.0,-1.6999999999999993
12302,2026-08-08,GAYA,5,2026-08-09 03:10:00,2026-08-09 03:22:00,2026-08-09 03:13:00,2026-08-09 03:25:00,992.0,12.0,12.0,3.0,3.0,0.0,DDU->GAYA,205.0,134.4,135.0,0.5999999999999996
12302,2026-08-08,DHN,6,2026-08-09 05:55:00,2026-08-09 06:05:24,2026-08-09 06:00:00,2026-08-09 06:10:24,1193.0,10.4,10.4,5.0,5.0,0.0,GAYA->DHN,201.0,160.4,162.0,1.5999999999999996
12302,2026-08-08,ASN,7,2026-08-09 06:54:00,2026-08-09 07:03:36,2026-08-09 06:56:00,2026-08-09 07:07:36,1251.0,9.6,11.6,4.0,2.0,2.0,DHN->ASN,58.0,53.2,54.0,0.8000000000000007
12302,2026-08-08,HWH,8,2026-08-09 09:55:00,2026-08-09 10:05:48,,,1450.0,10.8,10.8,2.0,2.0,0.0,ASN->HWH,199.0,178.2,179.0,0.7999999999999989
12302,2026-08-09,NDLS,1,,,2026-08-09 16:55:00,2026-08-09 16:55:00,0.0,0.0,0.0,2.0,2.0,0.0,,0.0,,,0.0
12302,2026-08-09,CNB,2,2026-08-09 21:30:00,2026-08-09 21:38:48,2026-08-09 21:35:00,2026-08-09 21:44:48,440.0,8.8,9.8,6.0,5.0,1.0,NDLS->CNB,440.0,283.8,275.0,-8.8
12302,2026-08-09,PRYJ,3,2026-08-09 23:43:00,2026-08-09 23:50:24,2026-08-09 23:45:00,2026-08-09 23:51:54,634.0,7.4,6.9,1.5,2.0,-0.5,CNB->PRYJ,194.0,125.6,128.0,2.4000000000000004
12302,2026-08-09,DDU,4,2026-08-10 00:45:00,2026-08-10 00:56:36,2026-08-10 00:55:00,2026-08-10 01:06:36,787.0,11.6,11.6,10.0,10.0,0.0,PRYJ->DDU,153.0,64.7,60.0,-4.699999999999999
12302,2026-08-09,GAYA,5,2026-08-10 03:10:00,2026-08-10 03:20:24,2026-08-10 03:13:00,2026-08-10 03:24:24,992.0,10.4,11.4,4.0,3.0,1.0,DDU->GAYA,205.0,133.8,135.0,1.1999999999999993
12302,2026-08-09,DHN,6,2026-08-10 05:55:00,2026-08-10 06:05:06,2026-08-10 06:00:00,2026-08-10 06:10:36,1193.0,10.1,10.6,5.5,5.0,0.5,GAYA->DHN,201.0,160.7,162.0,1.3000000000000007
12302,2026-08-09,ASN,7,2026-08-10 06:54:00,2026-08-10 07:00:42,2026-08-10 06:56:00,2026-08-10 07:03:12,1251.0,6.7,7.2,2.5,2.0,0.5,DHN->ASN,58.0,50.1,54.0,3.8999999999999995
12302,2026-08-09,HWH,8,2026-08-10 09:55:00,2026-08-10 10:01:30,,,1450.0,6.5,6.5,2.0,2.0,0.0,ASN->HWH,199.0,178.3,179.0,0.7000000000000002
12302,2026-08-10,NDLS,1,,,2026-08-10 16:55:00,2026-08-10 16:55:00,0.0,0.0,0.0,2.0,2.0,0.0,,0.0,,,0.0
12302,2026-08-10,CNB,2,2026-08-10 21:30:00,2026-08-10 21:30:00,2026-08-10 21:35:00,2026-08-10 21:37:00,440.0,0.0,2.0,7.0,5.0,2.0,NDLS->CNB,440.0,275.0,275.0,0.0
12302,2026-08-10,PRYJ,3,2026-08-10 23:43:00,2026-08-10 23:43:00,2026-08-10 23:45:00,2026-08-10 23:44:30,634.0,0.0,-0.5,1.5,2.0,-0.5,CNB->PRYJ,194.0,126.0,128.0,2.0
12302,2026-08-10,DDU,4,2026-08-11 00:45:00,2026-08-11 00:48:24,2026-08-11 00:55:00,2026-08-11 00:57:54,787.0,3.4,2.9,9.5,10.0,-0.5,PRYJ->DDU,153.0,63.9,60.0,-3.9
12302,2026-08-10,GAYA,5,2026-08-11 03:10:00,2026-08-11 03:13:00,2026-08-11 03:13:00,2026-08-11 03:15:30,992.0,3.0,2.5,2.5,3.0,-0.5,DDU->GAYA,205.0,135.1,135.0,-0.10000000000000009
12302,2026-08-10,DHN,6,2026-08-11 05:55:00,2026-08-11 05:57:06,2026-08-11 06:00:00,2026-08-11 06:02:36,1193.0,2.1,2.6,5.5,5.0,0.5,GAYA->DHN,201.0,161.6,162.0,0.3999999999999999
12302,2026-08-10,ASN,7,2026-08-11 06:54:00,2026-08-11 06:54:12,2026-08-11 06:56:00,2026-08-11 06:57:12,1251.0,0.2,1.2,3.0,2.0,1.0,DHN->ASN,58.0,51.6,54.0,2.4
12302,2026-08-10,HWH,8,2026-08-11 09:55:00,2026-08-11 09:55:00,,,1450.0,0.0,0.0,2.0,2.0,0.0,ASN->HWH,199.0,177.8,179.0,1.2
12302,2026-08-11,NDLS,1,,,2026-08-11 16:55:00,2026-08-11 17:05:00,0.0,0.0,10.0,2.0,2.0,0.0,,0.0,,,0.0
12302,2026-08-11,CNB,2,2026-08-11 21:30:00,2026-08-11 21:43:24,2026-08-11 21:35:00,2026-08-11 21:47:54,440.0,13.4,12.9,4.5,5.0,-0.5,NDLS->CNB,440.0,278.4,275.0,-3.4000000000000004
12302,2026-08-11,PRYJ,3,2026-08-11 23:43:00,2026-08-11 23:57:12,2026-08-11 23:45:00,2026-08-11 23:59:42,634.0,14.2,14.7,2.5,2.0,0.5,CNB->PRYJ,194.0,129.3,128.0,-1.299999999999999
12302,2026-08-11,DDU,4,2026-08-12 00:45:00,2026-08-12 01:02:06,2026-08-12 00:55:00,2026-08-12 01:11:36,787.0,17.1,16.6,9.5,10.0,-0.5,PRYJ->DDU,153.0,62.4,60.0,-2.400000000000002
12302,2026-08-11,GAYA,5,2026-08-12 03:10:00,2026-08-12 03:24:36,2026-08-12 03:13:00,2026-08-12 03:29:36,992.0,14.6,16.6,5.0,3.0,2.0,DDU->GAYA,205.0,133.0,135.0,2.0000000000000018
12302,2026-08-11,DHN,6,2026-08-12 05:55:00,2026-08-12 06:08:12,2026-08-12 06:00:00,2026-08-12 06:15:12,1193.0,13.2,15.2,7.0,5.0,2.0,GAYA->DHN,201.0,158.6,162.0,3.400000000000002
12302,2026-08-11,ASN,7,2026-08-12 06:54:00,2026-08-12 07:07:54,2026-08-12 06:56:00,2026-08-12 07:10:24,1251.0,13.9,14.4,2.5,2.0,0.5,DHN->ASN,58.0,52.7,54.0,1.299999999999999
12302,2026-08-11,HWH,8,2026-08-12 09:55:00,2026-08-12 10:11:12,,,1450.0,16.2,16.2,2.0,2.0,0.0,ASN->HWH,199.0,180.8,179.0,-1.799999999999999
12302,2026-08-12,NDLS,1,,,2026-08-12 16:55:00,2026-08-12 16:57:00,0.0,0.0,2.0,2.0,2.0,0.0,,0.0,,,0.0
12302,2026-08-12,CNB,2,2026-08-12 21:30:00,2026-08-12 21:35:36,2026-08-12 21:35:00,2026-08-12 21:41:06,440.0,5.6,6.1,5.5,5.0,0.5,NDLS->CNB,440.0,278.6,275.0,-3.5999999999999996
12302,2026-08-12,PRYJ,3,2026-08-12 23:43:00,2026-08-12 23:47:42,2026-08-12 23:45:00,2026-08-12 23:49:12,634.0,4.7,4.2,1.5,2.0,-0.5,CNB->PRYJ,194.0,126.6,128.0,1.3999999999999995
12302,2026-08-12,DDU,4,2026-08-13 00:45:00,2026-08-13 00:52:48,2026-08-13 00:55:00,2026-08-13 01:02:48,787.0,7.8,7.8,10.0,10.0,0.0,PRYJ->DDU,153.0,63.6,60.0,-3.5999999999999996
12302,2026-08-12,GAYA,5,2026-08-13 03:10:00,2026-08-13 03:23:48,2026-08-13 03:13:00,2026-08-13 03:26:48,992.0,13.8,13.8,3.0,3.0,0.0,DDU->GAYA,205.0,141.0,135.0,-6.000000000000001
12302,2026-08-12,DHN,6,2026-08-13 05:55:00,2026-08-13 06:09:36,2026-08-13 06:00:00,2026-08-13 06:14:36,1193.0,14.6,14.6,5.0,5.0,0.0,GAYA->DHN,201.0,162.8,162.0,-0.7999999999999989
12302,2026-08-12,ASN,7,2026-08-13 06:54:00,2026-08-13 07:10:36,2026-08-13 06:56:00,2026-08-13 07:13:06,1251.0,16.6,17.1,2.5,2.0,0.5,DHN->ASN,58.0,56.0,54.0,-2.0000000000000018
12302,2026-08-12,HWH,8,2026-08-13 09:55:00,2026-08-13 10:10:48,,,1450.0,15.8,15.8,2.0,2.0,0.0,ASN->HWH,199.0,177.7,179.0,1.3000000000000007
12302,2026-08-13,NDLS,1,,,2026-08-13 16:55:00,2026-08-13 16:55:00,0.0,0.0,0.0,2.0,2.0,0.0,,0.0,,,0.0
12302,2026-08-13,CNB,2,2026-08-13 21:30:00,2026-08-13 21:31:42,2026-08-13 21:35:00,2026-08-13 21:36:12,440.0,1.7,1.2,4.5,5.0,-0.5,NDLS->CNB,440.0,276.7,275.0,-1.7
12302,2026-08-13,PRYJ,3,2026-08-13 23:43:00,2026-08-13 23:48:18,2026-08-13 23:45:00,2026-08-13 23:49:48,634.0,5.3,4.8,1.5,2.0,-0.5,CNB->PRYJ,194.0,132.1,128.0,-4.1
12302,2026-08-13,DDU,4,2026-08-14 00:45:00,2026-08-14 00:56:42,2026-08-14 00:55:00,2026-08-14 01:06:42,787.0,11.7,11.7,10.0,10.0,0.0,PRYJ->DDU,153.0,66.9,60.0,-6.8999999999999995
12302,2026-08-13,GAYA,5,2026-08-14 03:10:00,2026-08-14 03:22:42,2026-08-14 03:13:00,2026-08-14 03:25:12,992.0,12.7,12.2,2.5,3.0,-0.5,DDU->GAYA,205.0,136.0,135.0,-1.0
12302,2026-08-13,DHN,6,2026-08-14 05:55:00,2026-08-14 06:01:42,2026-08-14 06:00:00,2026-08-14 06:06:12,1193.0,6.7,6.2,4.5,5.0,-0.5,GAYA->DHN,201.0,156.5,162.0,5.499999999999999
12302,2026-08-13,ASN,7,2026-08-14 06:54:00,2026-08-14 06:59:54,2026-08-14 06:56:00,2026-08-14 07:02:24,1251.0,5.9,6.4,2.5,2.0,0.5,DHN->ASN,58.0,53.7,54.0,0.2999999999999998
12302,2026-08-13,HWH,8,2026-08-14 09:55:00,2026-08-14 10:03:00,,,1450.0,8.0,8.0,2.0,2.0,0.0,ASN->HWH,199.0,180.6,179.0,-1.5999999999999996
12302,2026-08-14,NDLS,1,,,2026-08-14 16:55:00,2026-08-14 16:55:00,0.0,0.0,0.0,2.0,2.0,0.0,,0.0,,,0.0
12302,2026-08-14,CNB,2,2026-08-14 21:30:00,2026-08-14 21:33:00,2026-08-14 21:35:00,2026-08-14 21:38:30,440.0,3.0,3.5,5.5,5.0,0.5,NDLS->CNB,440.0,278.0,275.0,-3.0
12302,2026-08-14,PRYJ,3,2026-08-14 23:43:00,2026-08-14 23:44:24,2026-08-14 23:45:00,2026-08-14 23:47:24,634.0,1.4,2.4,3.0,2.0,1.0,CNB->PRYJ,194.0,125.9,128.0,2.1
12302,2026-08-14,DDU,4,2026-08-15 00:45:00,2026-08-15 00:51:54,2026-08-15 00:55:00,2026-08-15 01:03:54,787.0,6.9,8.9,12.0,10.0,2.0,PRYJ->DDU,153.0,64.5,60.0,-4.5
12302,2026-08-14,GAYA,5,2026-08-15 03:10:00,2026-08-15 03:16:24,2026-08-15 03:13:00,2026-08-15 03:19:24,992.0,6.4,6.4,3.0,3.0,0.0,DDU->GAYA,205.0,132.5,135.0,2.5
12302,2026-08-14,DHN,6,2026-08-15 05:55:00,2026-08-15 06:03:00,2026-08-15 06:00:00,2026-08-15 06:08:00,1193.0,8.0,8.0,5.0,5.0,0.0,GAYA->DHN,201.0,163.6,162.0,-1.5999999999999996
12302,2026-08-14,ASN,7,2026-08-15 06:54:00,2026-08-15 06:54:00,2026-08-15 06:56:00,2026-08-15 06:56:00,1251.0,0.0,0.0,2.0,2.0,0.0,DHN->ASN,58.0,46.0,54.0,8.0
12302,2026-08-14,HWH,8,2026-08-15 09:55:00,2026-08-15 09:56:54,,,1450.0,1.9,1.9,2.0,2.0,0.0,ASN->HWH,199.0,180.9,179.0,-1.9
12302,2026-08-15,NDLS,1,,,2026-08-15 16:55:00,2026-08-15 17:05:00,0.0,0.0,10.0,2.0,2.0,0.0,,0.0,,,0.0
12302,2026-08-15,CNB,2,2026-08-15 21:30:00,2026-08-15 21:45:18,2026-08-15 21:35:00,2026-08-15 21:50:48,440.0,15.3,15.8,5.5,5.0,0.5,NDLS->CNB,440.0,280.3,275.0,-5.300000000000001
12302,2026-08-15,PRYJ,3,2026-08-15 23:43:00,2026-08-15 23:56:24,2026-08-15 23:45:00,2026-08-15 23:59:24,634.0,13.4,14.4,3.0,2.0,1.0,CNB->PRYJ,194.0,125.6,128.0,2.4000000000000004
12302,2026-08-15,DDU,4,2026-08-16 00:45:00,2026-08-16 01:03:30,2026-08-16 00:55:00,2026-08-16 01:13:00,787.0,18.5,18.0,9.5,10.0,-0.5,PRYJ->DDU,153.0,64.1,60.0,-4.1
12302,2026-08-15,GAYA,5,2026-08-16 03:10:00,2026-08-16 03:29:24,2026-08-16 03:13:00,2026-08-16 03:32:54,992.0,19.4,19.9,3.5,3.0,0.5,DDU->GAYA,205.0,136.4,135.0,-1.3999999999999986
12302,2026-08-15,DHN,6,2026-08-16 05:55:00,2026-08-16 06:12:30,2026-08-16 06:00:00,2026-08-16 06:18:30,1193.0,17.5,18.5,6.0,5.0,1.0,GAYA->DHN,201.0,159.6,162.0,2.3999999999999986
12302,2026-08-15,ASN,7,2026-08-16 06:54:00,2026-08-16 07:12:42,2026-08-16 06:56:00,2026-08-16 07:15:12,1251.0,18.7,19.2,2.5,2.0,0.5,DHN->ASN,58.0,54.2,54.0,-0.1999999999999993
12302,2026-08-15,HWH,8,2026-08-16 09:55:00,2026-08-16 10:13:06,,,1450.0,18.1,18.1,2.0,2.0,0.0,ASN->HWH,199.0,177.9,179.0,1.0999999999999979
12302,2026-08-16,NDLS,1,,,2026-08-16 16:55:00,2026-08-16 17:05:00,0.0,0.0,10.0,2.0,2.0,0.0,,0.0,,,0.0
12302,2026-08-16,CNB,2,2026-08-16 21:30:00,2026-08-16 21:40:12,2026-08-16 21:35:00,2026-08-16 21:45:12,440.0,10.2,10.2,5.0,5.0,0.0,NDLS->CNB,440.0,275.2,275.0,-0.1999999999999993
12302,2026-08-16,PRYJ,3,2026-08-16 23:43:00,2026-08-16 23:55:24,2026-08-16 23:45:00,2026-08-16 23:57:54,634.0,12.4,12.9,2.5,2.0,0.5,CNB->PRYJ,194.0,130.2,128.0,-2.200000000000001
12302,2026-08-16,DDU,4,2026-08-17 00:45:00,2026-08-17 01:04:12,2026-08-17 00:55:00,2026-08-17 01:13:42,787.0,19.2,18.7,9.5,10.0,-0.5,PRYJ->DDU,153.0,66.3,60.0,-6.299999999999999
12302,2026-08-16,GAYA,5,2026-08-17 03:10:00,2026-08-17 03:31:06,2026-08-17 03:13:00,2026-08-17 03:33:36,992.0,21.1,20.6,2.5,3.0,-0.5,DDU->GAYA,205.0,137.4,135.0,-2.400000000000002
12302,2026-08-16,DHN,6,2026-08-17 05:55:00,2026-08-17 06:15:06,2026-08-17 06:00:00,2026-08-17 06:20:36,1193.0,20.1,20.6,5.5,5.0,0.5,GAYA->DHN,201.0,161.5,162.0,0.5
12302,2026-08-16,ASN,7,2026-08-17 06:54:00,2026-08-17 07:12:00,2026-08-17 06:56:00,2026-08-17 07:15:00,1251.0,18.0,19.0,3.0,2.0,1.0,DHN->ASN,58.0,51.4,54.0,2.6000000000000014
12302,2026-08-16,HWH,8,2026-08-17 09:55:00,2026-08-17 10:13:42,,,1450.0,18.7,18.7,2.0,2.0,0.0,ASN->HWH,199.0,178.7,179.0,0.3000000000000007
12302,2026-08-17,NDLS,1,,,2026-08-17 16:55:00,2026-08-17 16:55:00,0.0,0.0,0.0,2.0,2.0,0.0,,0.0,,,0.0
12302,2026-08-17,CNB,2,2026-08-17 21:30:00,2026-08-17 21:34:36,2026-08-17 21:35:00,2026-08-17 21:40:06,440.0,4.6,5.1,5.5,5.0,0.5,NDLS->CNB,440.0,279.6,275.0,-4.6
12302,2026-08-17,PRYJ,3,2026-08-17 23:43:00,2026-08-17 23:44:06,2026-08-17 23:45:00,2026-08-17 23:47:06,634.0,1.1,2.1,3.0,2.0,1.0,CNB->PRYJ,194.0,124.0,128.0,3.9999999999999996
12302,2026-08-17,DDU,4,2026-08-18 00:45:00,2026-08-18 00:52:36,2026-08-18 00:55:00,2026-08-18 01:04:36,787.0,7.6,9.6,12.0,10.0,2.0,PRYJ->DDU,153.0,65.5,60.0,-5.5
12302,2026-08-17,GAYA,5,2026-08-18 03:10:00,2026-08-18 03:20:06,2026-08-18 03:13:00,2026-08-18 03:23:06,992.0,10.1,10.1,3.0,3.0,0.0,DDU->GAYA,205.0,135.5,135.0,-0.5
12302,2026-08-17,DHN,6,2026-08-18 05:55:00,2026-08-18 06:04:30,2026-08-18 06:00:00,2026-08-18 06:11:30,1193.0,9.5,11.5,7.0,5.0,2.0,GAYA->DHN,201.0,161.4,162.0,0.5999999999999996
12302,2026-08-17,ASN,7,2026-08-18 06:54:00,2026-08-18 07:00:54,2026-08-18 06:56:00,2026-08-18 07:03:54,1251.0,6.9,7.9,3.0,2.0,1.0,DHN->ASN,58.0,49.4,54.0,4.6
12302,2026-08-17,HWH,8,2026-08-18 09:55:00,2026-08-18 10:01:30,,,1450.0,6.5,6.5,2.0,2.0,0.0,ASN->HWH,199.0,177.6,179.0,1.4000000000000004
12302,2026-08-18,NDLS,1,,,2026-08-18 16:55:00,2026-08-18 16:55:00,0.0,0.0,0.0,2.0,2.0,0.0,,0.0,,,0.0
12302,2026-08-18,CNB,2,2026-08-18 21:30:00,2026-08-18 21:33:24,2026-08-18 21:35:00,2026-08-18 21:39:24,440.0,3.4,4.4,6.0,5.0,1.0,NDLS->CNB,440.0,278.4,275.0,-3.4
12302,2026-08-18,PRYJ,3,2026-08-18 23:43:00,2026-08-18 23:47:36,2026-08-18 23:45:00,2026-08-18 23:50:36,634.0,4.6,5.6,3.0,2.0,1.0,CNB->PRYJ,194.0,128.2,128.0,-0.1999999999999993
12302,2026-08-18,DDU,4,2026-08-19 00:45:00,2026-08-19 00:54:30,2026-08-19 00:55:00,2026-08-19 01:05:30,787.0,9.5,10.5,11.0,10.0,1.0,PRYJ->DDU,153.0,63.9,60.0,-3.9000000000000004
12302,2026-08-18,GAYA,5,2026-08-19 03:10:00,2026-08-19 03:16:00,2026-08-19 03:13:00,2026-08-19 03:19:00,992.0,6.0,6.0,3.0,3.0,0.0,DDU->GAYA,205.0,130.5,135.0,4.5
12302,2026-08-18,DHN,6,2026-08-19 05:55:00,2026-08-19 06:01:48,2026-08-19 06:00:00,2026-08-19 06:08:48,1193.0,6.8,8.8,7.0,5.0,2.0,GAYA->DHN,201.0,162.8,162.0,-0.7999999999999998
12302,2026-08-18,ASN,7,2026-08-19 06:54:00,2026-08-19 07:00:18,2026-08-19 06:56:00,2026-08-19 07:02:18,1251.0,6.3,6.3,2.0,2.0,0.0,DHN->ASN,58.0,51.5,54.0,2.500000000000001
12302,2026-08-18,HWH,8,2026-08-19 09:55:00,2026-08-19 10:01:18,,,1450.0,6.3,6.3,2.0,2.0,0.0,ASN->HWH,199.0,179.0,179.0,0.0
12302,2026-08-19,NDLS,1,,,2026-08-19 16:55:00,2026-08-19 16:57:00,0.0,0.0,2.0,2.0,2.0,0.0,,0.0,,,0.0
12302,2026-08-19,CNB,2,2026-08-19 21:30:00,2026-08-19 21:34:48,2026-08-19 21:35:00,2026-08-19 21:40:18,440.0,4.8,5.3,5.5,5.0,0.5,NDLS->CNB,440.0,277.8,275.0,-2.8
12302,2026-08-19,PRYJ,3,2026-08-19 23:43:00,2026-08-19 23:43:54,2026-08-19 23:45:00,2026-08-19 23:47:54,634.0,0.9,2.9,4.0,2.0,2.0,CNB->PRYJ,194.0,123.6,128.0,4.3999999999999995
12302,2026-08-19,DDU,4,2026-08-20 00:45:00,2026-08-20 00:48:24,2026-08-20 00:55:00,2026-08-20 00:58:54,787.0,3.4,3.9,10.5,10.0,0.5,PRYJ->DDU,153.0,60.5,60.0,-0.5
12302,2026-08-19,GAYA,5,2026-08-20 03:10:00,2026-08-20 03:12:36,2026-08-20 03:13:00,2026-08-20 03:15:06,992.0,2.6,2.1,2.5,3.0,-0.5,DDU->GAYA,205.0,133.7,135.0,1.2999999999999998
12302,2026-08-19,DHN,6,2026-08-20 05:55:00,2026-08-20 05:55:00,2026-08-20 06:00:00,2026-08-20 06:00:00,1193.0,0.0,0.0,5.0,5.0,0.0,GAYA->DHN,201.0,159.9,162.0,2.1
12302,2026-08-19,ASN,7,2026-08-20 06:54:00,2026-08-20 06:54:00,2026-08-20 06:56:00,2026-08-20 06:57:00,1251.0,0.0,1.0,3.0,2.0,1.0,DHN->ASN,58.0,54.0,54.0,0.0
12302,2026-08-19,HWH,8,2026-08-20 09:55:00,2026-08-20 09:55:06,,,1450.0,0.1,0.1,2.0,2.0,0.0,ASN->HWH,199.0,178.1,179.0,0.9
12302,2026-08-20,NDLS,1,,,2026-08-20 16:55:00,2026-08-20 16:57:00,0.0,0.0,2.0,2.0,2.0,0.0,,0.0,,,0.0
12302,2026-08-20,CNB,2,2026-08-20 21:30:00,2026-08-20 21:40:06,2026-08-20 21:35:00,2026-08-20 21:45:36,440.0,10.1,10.6,5.5,5.0,0.5,NDLS->CNB,440.0,283.1,275.0,-8.1
12302,2026-08-20,PRYJ,3,2026-08-20 23:43:00,2026-08-20 23:52:00,2026-08-20 23:45:00,2026-08-20 23:56:00,634.0,9.0,11.0,4.0,2.0,2.0,CNB->PRYJ,194.0,126.4,128.0,1.5999999999999996
12302,2026-08-20,DDU,4,2026-08-21 00:45:00,2026-08-21 00:58:42,2026-08-21 00:55:00,2026-08-21 01:08:12,787.0,13.7,13.2,9.5,10.0,-0.5,PRYJ->DDU,153.0,62.7,60.0,-2.6999999999999993
12302,2026-08-20,GAYA,5,2026-08-21 03:10:00,2026-08-21 03:24:30,2026-08-21 03:13:00,2026-08-21 03:29:30,992.0,14.5,16.5,5.0,3.0,2.0,DDU->GAYA,205.0,136.3,135.0,-1.3000000000000007
12302,2026-08-20,DHN,6,2026-08-21 05:55:00,2026-08-21 06:07:24,2026-08-21 06:00:00,2026-08-21 06:11:54,1193.0,12.4,11.9,4.5,5.0,-0.5,GAYA->DHN,201.0,157.9,162.0,4.1
12302,2026-08-20,ASN,7,2026-08-21 06:54:00,2026-08-21 07:06:00,2026-08-21 06:56:00,2026-08-21 07:10:00,1251.0,12.0,14.0,4.0,2.0,2.0,DHN->ASN,58.0,54.1,54.0,-0.09999999999999964
12302,2026-08-20,HWH,8,2026-08-21 09:55:00,2026-08-21 10:09:36,,,1450.0,14.6,14.6,2.0,2.0,0.0,ASN->HWH,199.0,179.6,179.0,-0.5999999999999996
12302,2026-08-21,NDLS,1,,,2026-08-21 16:55:00,2026-08-21 17:00:00,0.0,0.0,5.0,2.0,2.0,0.0,,0.0,,,0.0
12302,2026-08-21,CNB,2,2026-08-21 21:30:00,2026-08-21 21:43:00,2026-08-21 21:35:00,2026-08-21 21:50:00,440.0,13.0,15.0,7.0,5.0,2.0,NDLS->CNB,440.0,283.0,275.0,-8.0
12302,2026-08-21,PRYJ,3,2026-08-21 23:43:00,2026-08-21 23:54:18,2026-08-21 23:45:00,2026-08-21 23:55:48,634.0,11.3,10.8,1.5,2.0,-0.5,CNB->PRYJ,194.0,124.3,128.0,3.6999999999999993
12302,2026-08-21,DDU,4,2026-08-22 00:45:00,2026-08-22 01:02:48,2026-08-22 00:55:00,2026-08-22 01:14:48,787.0,17.8,19.8,12.0,10.0,2.0,PRYJ->DDU,153.0,67.0,60.0,-7.0
12302,2026-08-21,GAYA,5,2026-08-22 03:10:00,2026-08-22 03:25:24,2026-08-22 03:13:00,2026-08-22 03:27:54,992.0,15.4,14.9,2.5,3.0,-0.5,DDU->GAYA,205.0,130.6,135.0,4.4
12302,2026-08-21,DHN,6,2026-08-22 05:55:00,2026-08-22 06:07:48,2026-08-22 06:00:00,2026-08-22 06:14:48,1193.0,12.8,14.8,7.0,5.0,2.0,GAYA->DHN,201.0,159.9,162.0,2.0999999999999996
12302,2026-08-21,ASN,7,2026-08-22 06:54:00,2026-08-22 07:05:42,2026-08-22 06:56:00,2026-08-22 07:09:42,1251.0,11.7,13.7,4.0,2.0,2.0,DHN->ASN,58.0,50.9,54.0,3.1000000000000014
12302,2026-08-21,HWH,8,2026-08-22 09:55:00,2026-08-22 10:07:06,,,1450.0,12.1,12.1,2.0,2.0,0.0,ASN->HWH,199.0,177.4,179.0,1.5999999999999996
12302,2026-08-22,NDLS,1,,,2026-08-22 16:55:00,2026-08-22 16:55:00,0.0,0.0,0.0,2.0,2.0,0.0,,0.0,,,0.0
12302,2026-08-22,CNB,2,2026-08-22 21:30:00,2026-08-22 21:38:36,2026-08-22 21:35:00,2026-08-22 21:45:36,440.0,8.6,10.6,7.0,5.0,2.0,NDLS->CNB,440.0,283.6,275.0,-8.6
12302,2026-08-22,PRYJ,3,2026-08-22 23:43:00,2026-08-22 23:49:00,2026-08-22 23:45:00,2026-08-22 23:51:00,634.0,6.0,6.0,2.0,2.0,0.0,CNB->PRYJ,194.0,123.4,128.0,4.6
12302,2026-08-22,DDU,4,2026-08-23 00:45:00,2026-08-23 00:57:54,2026-08-23 00:55:00,2026-08-23 01:08:24,787.0,12.9,13.4,10.5,10.0,0.5,PRYJ->DDU,153.0,66.9,60.0,-6.9
12302,2026-08-22,GAYA,5,2026-08-23 03:10:00,2026-08-23 03:24:12,2026-08-23 03:13:00,2026-08-23 03:26:42,992.0,14.2,13.7,2.5,3.0,-0.5,DDU->GAYA,205.0,135.8,135.0,-0.7999999999999989
12302,2026-08-22,DHN,6,2026-08-23 05:55:00,2026-08-23 06:05:54,2026-08-23 06:00:00,2026-08-23 06:10:54,1193.0,10.9,10.9,5.0,5.0,0.0,GAYA->DHN,201.0,159.2,162.0,2.799999999999999
12302,2026-08-22,ASN,7,2026-08-23 06:54:00,2026-08-23 07:05:36,2026-08-23 06:56:00,2026-08-23 07:09:36,1251.0,11.6,13.6,4.0,2.0,2.0,DHN->ASN,58.0,54.7,54.0,-0.6999999999999993
12302,2026-08-22,HWH,8,2026-08-23 09:55:00,2026-08-23 10:05:06,,,1450.0,10.1,10.1,2.0,2.0,0.0,ASN->HWH,199.0,175.5,179.0,3.5
12302,2026-08-23,NDLS,1,,,2026-08-23 16:55:00,2026-08-23 17:00:00,0.0,0.0,5.0,2.0,2.0,0.0,,0.0,,,0.0
12302,2026-08-23,CNB,2,2026-08-23 21:30:00,2026-08-23 21:42:36,2026-08-23 21:35:00,2026-08-23 21:47:06,440.0,12.6,12.1,4.5,5.0,-0.5,NDLS->CNB,440.0,282.6,275.0,-7.6
12302,2026-08-23,PRYJ,3,2026-08-23 23:43:00,2026-08-23 23:50:18,2026-08-23 23:45:00,2026-08-23 23:51:48,634.0,7.3,6.8,1.5,2.0,-0.5,CNB->PRYJ,194.0,123.2,128.0,4.8
12302,2026-08-23,DDU,4,2026-08-24 00:45:00,2026-08-24 00:59:18,2026-08-24 00:55:00,2026-08-24 01:08:48,787.0,14.3,13.8,9.5,10.0,-0.5,PRYJ->DDU,153.0,67.5,60.0,-7.500000000000001
12302,2026-08-23,GAYA,5,2026-08-24 03:10:00,2026-08-24 03:25:06,2026-08-24 03:13:00,2026-08-24 03:28:06,992.0,15.1,15.1,3.0,3.0,0.0,DDU->GAYA,205.0,136.3,135.0,-1.299999999999999
12302,2026-08-23,DHN,6,2026-08-24 05:55:00,2026-08-24 06:10:24,2026-08-24 06:00:00,2026-08-24 06:17:24,1193.0,15.4,17.4,7.0,5.0,2.0,GAYA->DHN,201.0,162.3,162.0,-0.3000000000000007
12302,2026-08-23,ASN,7,2026-08-24 06:54:00,2026-08-24 07:08:54,2026-08-24 06:56:00,2026-08-24 07:11:24,1251.0,14.9,15.4,2.5,2.0,0.5,DHN->ASN,58.0,51.5,54.0,2.4999999999999982
12302,2026-08-23,HWH,8,2026-08-24 09:55:00,2026-08-24 10:11:48,,,1450.0,16.8,16.8,2.0,2.0,0.0,ASN->HWH,199.0,180.4,179.0,-1.4000000000000004
12302,2026-08-24,NDLS,1,,,2026-08-24 16:55:00,2026-08-24 16:55:00,0.0,0.0,0.0,2.0,2.0,0.0,,0.0,,,0.0
12302,2026-08-24,CNB,2,2026-08-24 21:30:00,2026-08-24 21:30:00,2026-08-24 21:35:00,2026-08-24 21:35:30,440.0,0.0,0.5,5.5,5.0,0.5,NDLS->CNB,440.0,275.0,275.0,0.0
12302,2026-08-24,PRYJ,3,2026-08-24 23:43:00,2026-08-24 23:43:00,2026-08-24 23:45:00,2026-08-24 23:45:30,634.0,0.0,0.5,2.5,2.0,0.5,CNB->PRYJ,194.0,127.5,128.0,0.5
12302,2026-08-24,DDU,4,2026-08-25 00:45:00,2026-08-25 00:45:30,2026-08-25 00:55:00,2026-08-25 00:56:00,787.0,0.5,1.0,10.5,10.0,0.5,PRYJ->DDU,153.0,60.0,60.0,0.0
12302,2026-08-24,GAYA,5,2026-08-25 03:10:00,2026-08-25 03:10:12,2026-08-25 03:13:00,2026-08-25 03:13:42,992.0,0.2,0.7,3.5,3.0,0.5,DDU->GAYA,205.0,134.2,135.0,0.8
12302,2026-08-24,DHN,6,2026-08-25 05:55:00,2026-08-25 05:55:00,2026-08-25 06:00:00,2026-08-25 06:02:00,1193.0,0.0,2.0,7.0,5.0,2.0,GAYA->DHN,201.0,161.3,162.0,0.7
12302,2026-08-24,ASN,7,2026-08-25 06:54:00,2026-08-25 06:54:00,2026-08-25 06:56:00,2026-08-25 06:56:30,1251.0,0.0,0.5,2.5,2.0,0.5,DHN->ASN,58.0,52.0,54.0,2.0
12302,2026-08-24,HWH,8,2026-08-25 09:55:00,2026-08-25 09:55:00,,,1450.0,0.0,0.0,2.0,2.0,0.0,ASN->HWH,199.0,178.5,179.0,0.5
12302,2026-08-25,NDLS,1,,,2026-08-25 16:55:00,2026-08-25 16:57:00,0.0,0.0,2.0,2.0,2.0,0.0,,0.0,,,0.0
12302,2026-08-25,CNB,2,2026-08-25 21:30:00,2026-08-25 21:37:48,2026-08-25 21:35:00,2026-08-25 21:42:18,440.0,7.8,7.3,4.5,5.0,-0.5,NDLS->CNB,440.0,280.8,275.0,-5.8
12302,2026-08-25,PRYJ,3,2026-08-25 23:43:00,2026-08-25 23:46:00,2026-08-25 23:45:00,2026-08-25 23:48:00,634.0,3.0,3.0,2.0,2.0,0.0,CNB->PRYJ,194.0,123.7,128.0,4.3
12302,2026-08-25,DDU,4,2026-08-26 00:45:00,2026-08-26 00:50:12,2026-08-26 00:55:00,2026-08-26 01:01:12,787.0,5.2,6.2,11.0,10.0,1.0,PRYJ->DDU,153.0,62.2,60.0,-2.2
12302,2026-08-25,GAYA,5,2026-08-26 03:10:00,2026-08-26 03:17:00,2026-08-26 03:13:00,2026-08-26 03:20:00,992.0,7.0,7.0,3.0,3.0,0.0,DDU->GAYA,205.0,135.8,135.0,-0.7999999999999998
12302,2026-08-25,DHN,6,2026-08-26 05:55:00,2026-08-26 05:58:36,2026-08-26 06:00:00,2026-08-26 06:05:36,1193.0,3.6,5.6,7.0,5.0,2.0,GAYA->DHN,201.0,158.6,162.0,3.4
12302,2026-08-25,ASN,7,2026-08-26 06:54:00,2026-08-26 06:56:06,2026-08-26 06:56:00,2026-08-26 07:00:06,1251.0,2.1,4.1,4.0,2.0,2.0,DHN->ASN,58.0,50.5,54.0,3.4999999999999996
12302,2026-08-25,HWH,8,2026-08-26 09:55:00,2026-08-26 10:00:36,,,1450.0,5.6,5.6,2.0,2.0,0.0,ASN->HWH,199.0,180.5,179.0,-1.5
12302,2026-08-26,NDLS,1,,,2026-08-26 16:55:00,2026-08-26 16:57:00,0.0,0.0,2.0,2.0,2.0,0.0,,0.0,,,0.0
12302,2026-08-26,CNB,2,2026-08-26 21:30:00,2026-08-26 21:38:00,2026-08-26 21:35:00,2026-08-26 21:43:30,440.0,8.0,8.5,5.5,5.0,0.5,NDLS->CNB,440.0,281.0,275.0,-6.0
12302,2026-08-26,PRYJ,3,2026-08-26 23:43:00,2026-08-26 23:49:30,2026-08-26 23:45:00,2026-08-26 23:53:30,634.0,6.5,8.5,4.0,2.0,2.0,CNB->PRYJ,194.0,126.0,128.0,2.0
12302,2026-08-26,DDU,4,2026-08-27 00:45:00,2026-08-27 00:51:36,2026-08-27 00:55:00,2026-08-27 01:02:36,787.0,6.6,7.6,11.0,10.0,1.0,PRYJ->DDU,153.0,58.1,60.0,1.9000000000000004
12302,2026-08-26,GAYA,5,2026-08-27 03:10:00,2026-08-27 03:20:00,2026-08-27 03:13:00,2026-08-27 03:23:30,992.0,10.0,10.5,3.5,3.0,0.5,DDU->GAYA,205.0,137.4,135.0,-2.4000000000000004
12302,2026-08-26,DHN,6,2026-08-27 05:55:00,2026-08-27 06:04:12,2026-08-27 06:00:00,2026-08-27 06:11:12,1193.0,9.2,11.2,7.0,5.0,2.0,GAYA->DHN,201.0,160.7,162.0,1.3000000000000007
12302,2026-08-26,ASN,7,2026-08-27 06:54:00,2026-08-27 07:02:36,2026-08-27 06:56:00,2026-08-27 07:05:36,1251.0,8.6,9.6,3.0,2.0,1.0,DHN->ASN,58.0,51.4,54.0,2.5999999999999996
12302,2026-08-26,HWH,8,2026-08-27 09:55:00,2026-08-27 10:06:42,,,1450.0,11.7,11.7,2.0,2.0,0.0,ASN->HWH,199.0,181.1,179.0,-2.0999999999999996
12302,2026-08-27,NDLS,1,,,2026-08-27 16:55:00,2026-08-27 17:00:00,0.0,0.0,5.0,2.0,2.0,0.0,,0.0,,,0.0
12302,2026-08-27,CNB,2,2026-08-27 21:30:00,2026-08-27 21:37:36,2026-08-27 21:35:00,2026-08-27 21:44:36,440.0,7.6,9.6,7.0,5.0,2.0,NDLS->CNB,440.0,277.6,275.0,-2.5999999999999996
12302,2026-08-27,PRYJ,3,2026-08-27 23:43:00,2026-08-27 23:51:36,2026-08-27 23:45:00,2026-08-27 23:53:06,634.0,8.6,8.1,1.5,2.0,-0.5,CNB->PRYJ,194.0,127.0,128.0,1.0
12302,2026-08-27,DDU,4,2026-08-28 00:45:00,2026-08-28 00:54:30,2026-08-28 00:55:00,2026-08-28 01:04:00,787.0,9.5,9.0,9.5,10.0,-0.5,PRYJ->DDU,153.0,61.4,60.0,-1.4000000000000004
12302,2026-08-27,GAYA,5,2026-08-28 03:10:00,2026-08-28 03:19:42,2026-08-28 03:13:00,2026-08-28 03:23:42,992.0,9.7,10.7,4.0,3.0,1.0,DDU->GAYA,205.0,135.7,135.0,-0.6999999999999993
12302,2026-08-27,DHN,6,2026-08-28 05:55:00,2026-08-28 06:01:54,2026-08-28 06:00:00,2026-08-28 06:07:54,1193.0,6.9,7.9,6.0,5.0,1.0,GAYA->DHN,201.0,158.2,162.0,3.799999999999999
12302,2026-08-27,ASN,7,2026-08-28 06:54:00,2026-08-28 07:01:12,2026-08-28 06:56:00,2026-08-28 07:04:12,1251.0,7.2,8.2,3.0,2.0,1.0,DHN->ASN,58.0,53.3,54.0,0.7000000000000002
12302,2026-08-27,HWH,8,2026-08-28 09:55:00,2026-08-28 10:02:54,,,1450.0,7.9,7.9,2.0,2.0,0.0,ASN->HWH,199.0,178.7,179.0,0.29999999999999893
12302,2026-08-28,NDLS,1,,,2026-08-28 16:55:00,2026-08-28 17:05:00,0.0,0.0,10.0,2.0,2.0,0.0,,0.0,,,0.0
12302,2026-08-28,CNB,2,2026-08-28 21:30:00,2026-08-28 21:45:54,2026-08-28 21:35:00,2026-08-28 21:51:54,440.0,15.9,16.9,6.0,5.0,1.0,NDLS->CNB,440.0,280.9,275.0,-5.9
12302,2026-08-28,PRYJ,3,2026-08-28 23:43:00,2026-08-28 23:58:00,2026-08-28 23:45:00,2026-08-29 00:01:00,634.0,15.0,16.0,3.0,2.0,1.0,CNB->PRYJ,194.0,126.1,128.0,1.8999999999999986
12302,2026-08-28,DDU,4,2026-08-29 00:45:00,2026-08-29 01:04:18,2026-08-29 00:55:00,2026-08-29 01:14:48,787.0,19.3,19.8,10.5,10.0,0.5,PRYJ->DDU,153.0,63.3,60.0,-3.3000000000000007
12302,2026-08-28,GAYA,5,2026-08-29 03:10:00,2026-08-29 03:28:12,2026-08-29 03:13:00,2026-08-29 03:31:12,992.0,18.2,18.2,3.0,3.0,0.0,DDU->GAYA,205.0,133.4,135.0,1.6000000000000014
12302,2026-08-28,DHN,6,2026-08-29 05:55:00,2026-08-29 06:09:06,2026-08-29 06:00:00,2026-08-29 06:14:06,1193.0,14.1,14.1,5.0,5.0,0.0,GAYA->DHN,201.0,157.9,162.0,4.1
12302,2026-08-28,ASN,7,2026-08-29 06:54:00,2026-08-29 07:04:36,2026-08-29 06:56:00,2026-08-29 07:08:36,1251.0,10.6,12.6,4.0,2.0,2.0,DHN->ASN,58.0,50.5,54.0,3.5
12302,2026-08-28,HWH,8,2026-08-29 09:55:00,2026-08-29 10:05:24,,,1450.0,10.4,10.4,2.0,2.0,0.0,ASN->HWH,199.0,176.8,179.0,2.1999999999999993
12302,2026-08-29,NDLS,1,,,2026-08-29 16:55:00,2026-08-29 17:05:00,0.0,0.0,10.0,2.0,2.0,0.0,,0.0,,,0.0
12302,2026-08-29,CNB,2,2026-08-29 21:30:00,2026-08-29 21:39:48,2026-08-29 21:35:00,2026-08-29 21:45:18,440.0,9.8,10.3,5.5,5.0,0.5,NDLS->CNB,440.0,274.8,275.0,0.1999999999999993
12302,2026-08-29,PRYJ,3,2026-08-29 23:43:00,2026-08-29 23:49:06,2026-08-29 23:45:00,2026-08-29 23:50:36,634.0,6.1,5.6,1.5,2.0,-0.5,CNB->PRYJ,194.0,123.8,128.0,4.200000000000001
12302,2026-08-29,DDU,4,2026-08-30 00:45:00,2026-08-30 00:50:18,2026-08-30 00:55:00,2026-08-30 01:01:18,787.0,5.3,6.3,11.0,10.0,1.0,PRYJ->DDU,153.0,59.7,60.0,0.2999999999999998
12302,2026-08-29,GAYA,5,2026-08-30 03:10:00,2026-08-30 03:18:06,2026-08-30 03:13:00,2026-08-30 03:20:36,992.0,8.1,7.6,2.5,3.0,-0.5,DDU->GAYA,205.0,136.8,135.0,-1.7999999999999998
12302,2026-08-29,DHN,6,2026-08-30 05:55:00,2026-08-30 06:03:18,2026-08-30 06:00:00,2026-08-30 06:07:48,1193.0,8.3,7.8,4.5,5.0,-0.5,GAYA->DHN,201.0,162.7,162.0,-0.7000000000000011
12302,2026-08-29,ASN,7,2026-08-30 06:54:00,2026-08-30 07:00:42,2026-08-30 06:56:00,2026-08-30 07:02:42,1251.0,6.7,6.7,2.0,2.0,0.0,DHN->ASN,58.0,52.9,54.0,1.0999999999999996
12302,2026-08-29,HWH,8,2026-08-30 09:55:00,2026-08-30 10:00:18,,,1450.0,5.3,5.3,2.0,2.0,0.0,ASN->HWH,199.0,177.6,179.0,1.4000000000000004
12302,2026-08-30,NDLS,1,,,2026-08-30 16:55:00,2026-08-30 16:55:00,0.0,0.0,0.0,2.0,2.0,0.0,,0.0,,,0.0
12302,2026-08-30,CNB,2,2026-08-30 21:30:00,2026-08-30 21:38:42,2026-08-30 21:35:00,2026-08-30 21:44:42,440.0,8.7,9.7,6.0,5.0,1.0,NDLS->CNB,440.0,283.7,275.0,-8.7
12302,2026-08-30,PRYJ,3,2026-08-30 23:43:00,2026-08-30 23:50:48,2026-08-30 23:45:00,2026-08-30 23:53:18,634.0,7.8,8.3,2.5,2.0,0.5,CNB->PRYJ,194.0,126.1,128.0,1.8999999999999995
12302,2026-08-30,DDU,4,2026-08-31 00:45:00,2026-08-31 00:52:42,2026-08-31 00:55:00,2026-08-31 01:04:42,787.0,7.7,9.7,12.0,10.0,2.0,PRYJ->DDU,153.0,59.4,60.0,0.6000000000000005
12302,2026-08-30,GAYA,5,2026-08-31 03:10:00,2026-08-31 03:19:00,2026-08-31 03:13:00,2026-08-31 03:22:30,992.0,9.0,9.5,3.5,3.0,0.5,DDU->GAYA,205.0,134.3,135.0,0.6999999999999993
12302,2026-08-30,DHN,6,2026-08-31 05:55:00,2026-08-31 06:03:30,2026-08-31 06:00:00,2026-08-31 06:09:30,1193.0,8.5,9.5,6.0,5.0,1.0,GAYA->DHN,201.0,161.0,162.0,1.0
12302,2026-08-30,ASN,7,2026-08-31 06:54:00,2026-08-31 07:01:18,2026-08-31 06:56:00,2026-08-31 07:03:48,1251.0,7.3,7.8,2.5,2.0,0.5,DHN->ASN,58.0,51.8,54.0,2.2
12302,2026-08-30,HWH,8,2026-08-31 09:55:00,2026-08-31 10:02:18,,,1450.0,7.3,7.3,2.0,2.0,0.0,ASN->HWH,199.0,178.5,179.0,0.5
12302,2026-08-31,NDLS,1,,,2026-08-31 16:55:00,2026-08-31 17:05:00,0.0,0.0,10.0,2.0,2.0,0.0,,0.0,,,0.0
12302,2026-08-31,CNB,2,2026-08-31 21:30:00,2026-08-31 21:46:06,2026-08-31 21:35:00,2026-08-31 21:50:36,440.0,16.1,15.6,4.5,5.0,-0.5,NDLS->CNB,440.0,281.1,275.0,-6.100000000000001
12302,2026-08-31,PRYJ,3,2026-08-31 23:43:00,2026-08-31 23:57:54,2026-08-31 23:45:00,2026-08-31 23:59:24,634.0,14.9,14.4,1.5,2.0,-0.5,CNB->PRYJ,194.0,127.3,128.0,0.6999999999999993
12302,2026-08-31,DDU,4,2026-09-01 00:45:00,2026-09-01 01:15:06,2026-09-01 00:55:00,2026-09-01 01:26:06,787.0,30.1,31.1,11.0,10.0,1.0,PRYJ->DDU,153.0,75.7,60.0,-15.700000000000001
12302,2026-08-31,GAYA,5,2026-09-01 03:10:00,2026-09-01 03:38:48,2026-09-01 03:13:00,2026-09-01 03:41:18,992.0,28.8,28.3,2.5,3.0,-0.5,DDU->GAYA,205.0,132.7,135.0,2.3000000000000007
12302,2026-08-31,DHN,6,2026-09-01 05:55:00,2026-09-01 06:25:36,2026-09-01 06:00:00,2026-09-01 06:32:36,1193.0,30.6,32.6,7.0,5.0,2.0,GAYA->DHN,201.0,164.3,162.0,-2.3000000000000007
12302,2026-08-31,ASN,7,2026-09-01 06:54:00,2026-09-01 07:23:54,2026-09-01 06:56:00,2026-09-01 07:25:24,1251.0,29.9,29.4,1.5,2.0,-0.5,DHN->ASN,58.0,51.3,54.0,2.700000000000003
12302,2026-08-31,HWH,8,2026-09-01 09:55:00,2026-09-01 10:23:30,,,1450.0,28.5,28.5,2.0,2.0,0.0,ASN->HWH,199.0,178.1,179.0,0.8999999999999986
12302,2026-09-01,NDLS,1,,,2026-09-01 16:55:00,2026-09-01 16:55:00,0.0,0.0,0.0,2.0,2.0,0.0,,0.0,,,0.0
12302,2026-09-01,CNB,2,2026-09-01 21:30:00,2026-09-01 21:31:24,2026-09-01 21:35:00,2026-09-01 21:36:24,440.0,1.4,1.4,5.0,5.0,0.0,NDLS->CNB,440.0,276.4,275.0,-1.4
12302,2026-09-01,PRYJ,3,2026-09-01 23:43:00,2026-09-01 23:43:00,2026-09-01 23:45:00,2026-09-01 23:47:00,634.0,0.0,2.0,4.0,2.0,2.0,CNB->PRYJ,194.0,126.6,128.0,1.4
12302,2026-09-01,DDU,4,2026-09-02 00:45:00,2026-09-02 00:51:24,2026-09-02 00:55:00,2026-09-02 01:00:54,787.0,6.4,5.9,9.5,10.0,-0.5,PRYJ->DDU,153.0,64.4,60.0,-4.4
12302,2026-09-01,GAYA,5,2026-09-02 03:10:00,2026-09-02 03:17:00,2026-09-02 03:13:00,2026-09-02 03:19:30,992.0,7.0,6.5,2.5,3.0,-0.5,DDU->GAYA,205.0,136.1,135.0,-1.0999999999999996
12302,2026-09-01,DHN,6,2026-09-02 05:55:00,2026-09-02 06:00:24,2026-09-02 06:00:00,2026-09-02 06:07:24,1193.0,5.4,7.4,7.0,5.0,2.0,GAYA->DHN,201.0,160.9,162.0,1.0999999999999996
12302,2026-09-01,ASN,7,2026-09-02 06:54:00,2026-09-02 06:56:48,2026-09-02 06:56:00,2026-09-02 06:59:48,1251.0,2.8,3.8,3.0,2.0,1.0,DHN->ASN,58.0,49.4,54.0,4.6000000000000005
12302,2026-09-01,HWH,8,2026-09-02 09:55:00,2026-09-02 09:58:48,,,1450.0,3.8,3.8,2.0,2.0,0.0,ASN->HWH,199.0,179.0,179.0,0.0
12302,2026-09-02,NDLS,1,,,2026-09-02 16:55:00,2026-09-02 16:55:00,0.0,0.0,0.0,2.0,2.0,0.0,,0.0,,,0.0
12302,2026-09-02,CNB,2,2026-09-02 21:30:00,2026-09-02 21:32:12,2026-09-02 21:35:00,2026-09-02 21:37:12,440.0,2.2,2.2,5.0,5.0,0.0,NDLS->CNB,440.0,277.2,275.0,-2.2
12302,2026-09-02,PRYJ,3,2026-09-02 23:43:00,2026-09-02 23:44:30,2026-09-02 23:45:00,2026-09-02 23:48:30,634.0,1.5,3.5,4.0,2.0,2.0,CNB->PRYJ,194.0,127.3,128.0,0.7000000000000002
12302,2026-09-02,DDU,4,2026-09-03 00:45:00,2026-09-03 00:54:36,2026-09-03 00:55:00,2026-09-03 01:05:06,787.0,9.6,10.1,10.5,10.0,0.5,PRYJ->DDU,153.0,66.1,60.0,-6.1
12302,2026-09-02,GAYA,5,2026-09-03 03:10:00,2026-09-03 03:19:24,2026-09-03 03:13:00,2026-09-03 03:24:24,992.0,9.4,11.4,5.0,3.0,2.0,DDU->GAYA,205.0,134.3,135.0,0.6999999999999993
12302,2026-09-02,DHN,6,2026-09-03 05:55:00,2026-09-03 06:04:24,2026-09-03 06:00:00,2026-09-03 06:10:24,1193.0,9.4,10.4,6.0,5.0,1.0,GAYA->DHN,201.0,160.0,162.0,2.0
12302,2026-09-02,ASN,7,2026-09-03 06:54:00,2026-09-03 07:01:12,2026-09-03 06:56:00,2026-09-03 07:05:12,1251.0,7.2,9.2,4.0,2.0,2.0,DHN->ASN,58.0,50.8,54.0,3.2
12302,2026-09-02,HWH,8,2026-09-03 09:55:00,2026-09-03 10:04:48,,,1450.0,9.8,9.8,2.0,2.0,0.0,ASN->HWH,199.0,179.6,179.0,-0.6000000000000014
12302,2026-09-03,NDLS,1,,,2026-09-03 16:55:00,2026-09-03 17:05:00,0.0,0.0,10.0,2.0,2.0,0.0,,0.0,,,0.0
12302,2026-09-03,CNB,2,2026-09-03 21:30:00,2026-09-03 21:44:12,2026-09-03 21:35:00,2026-09-03 21:51:12,440.0,14.2,16.2,7.0,5.0,2.0,NDLS->CNB,440.0,279.2,275.0,-4.199999999999999
12302,2026-09-03,PRYJ,3,2026-09-03 23:43:00,2026-09-03 23:57:12,2026-09-03 23:45:00,2026-09-04 00:01:12,634.0,14.2,16.2,4.0,2.0,2.0,CNB->PRYJ,194.0,126.0,128.0,2.0
12302,2026-09-03,DDU,4,2026-09-04 00:45:00,2026-09-04 01:00:42,2026-09-04 00:55:00,2026-09-04 01:11:42,787.0,15.7,16.7,11.0,10.0,1.0,PRYJ->DDU,153.0,59.5,60.0,0.5
12302,2026-09-03,GAYA,5,2026-09-04 03:10:00,2026-09-04 03:25:00,2026-09-04 03:13:00,2026-09-04 03:30:00,992.0,15.0,17.0,5.0,3.0,2.0,DDU->GAYA,205.0,133.3,135.0,1.6999999999999993
12302,2026-09-03,DHN,6,2026-09-04 05:55:00,2026-09-04 06:11:24,2026-09-04 06:00:00,2026-09-04 06:18:24,1193.0,16.4,18.4,7.0,5.0,2.0,GAYA->DHN,201.0,161.4,162.0,0.6000000000000014
12302,2026-09-03,ASN,7,2026-09-04 06:54:00,2026-09-04 07:12:36,2026-09-04 06:56:00,2026-09-04 07:15:06,1251.0,18.6,19.1,2.5,2.0,0.5,DHN->ASN,58.0,54.2,54.0,-0.20000000000000284
12302,2026-09-03,HWH,8,2026-09-04 09:55:00,2026-09-04 10:12:48,,,1450.0,17.8,17.8,2.0,2.0,0.0,ASN->HWH,199.0,177.7,179.0,1.3000000000000007
12302,2026-09-04,NDLS,1,,,2026-09-04 16:55:00,2026-09-04 17:00:00,0.0,0.0,5.0,2.0,2.0,0.0,,0.0,,,0.0
12302,2026-09-04,CNB,2,2026-09-04 21:30:00,2026-09-04 21:35:42,2026-09-04 21:35:00,2026-09-04 21:41:12,440.0,5.7,6.2,5.5,5.0,0.5,NDLS->CNB,440.0,275.7,275.0,-0.7000000000000002
12302,2026-09-04,PRYJ,3,2026-09-04 23:43:00,2026-09-04 23:46:54,2026-09-04 23:45:00,2026-09-04 23:50:54,634.0,3.9,5.9,4.0,2.0,2.0,CNB->PRYJ,194.0,125.7,128.0,2.3000000000000003
12302,2026-09-04,DDU,4,2026-09-05 00:45:00,2026-09-05 00:58:18,2026-09-05 00:55:00,2026-09-05 01:08:18,787.0,13.3,13.3,10.0,10.0,0.0,PRYJ->DDU,153.0,67.4,60.0,-7.4
12302,2026-09-04,GAYA,5,2026-09-05 03:10:00,2026-09-05 03:21:00,2026-09-05 03:13:00,2026-09-05 03:26:00,992.0,11.0,13.0,5.0,3.0,2.0,DDU->GAYA,205.0,132.7,135.0,2.3000000000000007
12302,2026-09-04,DHN,6,2026-09-05 05:55:00,2026-09-05 06:04:48,2026-09-05 06:00:00,2026-09-05 06:09:18,1193.0,9.8,9.3,4.5,5.0,-0.5,GAYA->DHN,201.0,158.8,162.0,3.1999999999999993
12302,2026-09-04,ASN,7,2026-09-05 06:54:00,2026-09-05 07:00:42,2026-09-05 06:56:00,2026-09-05 07:04:42,1251.0,6.7,8.7,4.0,2.0,2.0,DHN->ASN,58.0,51.4,54.0,2.6000000000000005
12302,2026-09-04,HWH,8,2026-09-05 09:55:00,2026-09-05 10:00:30,,,1450.0,5.5,5.5,2.0,2.0,0.0,ASN->HWH,199.0,175.8,179.0,3.1999999999999993
12302,2026-09-05,NDLS,1,,,2026-09-05 16:55:00,2026-09-05 16:55:00,0.0,0.0,0.0,2.0,2.0,0.0,,0.0,,,0.0
12302,2026-09-05,CNB,2,2026-09-05 21:30:00,2026-09-05 21:35:36,2026-09-05 21:35:00,2026-09-05 21:40:36,440.0,5.6,5.6,5.0,5.0,0.0,NDLS->CNB,440.0,280.6,275.0,-5.6
12302,2026-09-05,PRYJ,3,2026-09-05 23:43:00,2026-09-05 23:46:36,2026-09-05 23:45:00,2026-09-05 23:49:06,634.0,3.6,4.1,2.5,2.0,0.5,CNB->PRYJ,194.0,126.0,128.0,1.9999999999999996
12302,2026-09-05,DDU,4,2026-09-06 00:45:00,2026-09-06 00:55:24,2026-09-06 00:55:00,2026-09-06 01:05:54,787.0,10.4,10.9,10.5,10.0,0.5,PRYJ->DDU,153.0,66.3,60.0,-6.300000000000001
12302,2026-09-05,GAYA,5,2026-09-06 03:10:00,2026-09-06 03:19:00,2026-09-06 03:13:00,2026-09-06 03:22:30,992.0,9.0,9.5,3.5,3.0,0.5,DDU->GAYA,205.0,133.1,135.0,1.9000000000000004
12302,2026-09-05,DHN,6,2026-09-06 05:55:00,2026-09-06 06:02:00,2026-09-06 06:00:00,2026-09-06 06:07:30,1193.0,7.0,7.5,5.5,5.0,0.5,GAYA->DHN,201.0,159.5,162.0,2.5
12302,2026-09-05,ASN,7,2026-09-06 06:54:00,2026-09-06 07:00:42,2026-09-06 06:56:00,2026-09-06 07:04:42,1251.0,6.7,8.7,4.0,2.0,2.0,DHN->ASN,58.0,53.2,54.0,0.7999999999999998
12302,2026-09-05,HWH,8,2026-09-06 09:55:00,2026-09-06 10:04:06,,,1450.0,9.1,9.1,2.0,2.0,0.0,ASN->HWH,199.0,179.4,179.0,-0.40000000000000036
12302,2026-09-06,NDLS,1,,,2026-09-06 16:55:00,2026-09-06 17:00:00,0.0,0.0,5.0,2.0,2.0,0.0,,0.0,,,0.0
12302,2026-09-06,CNB,2,2026-09-06 21:30:00,2026-09-06 21:36:30,2026-09-06 21:35:00,2026-09-06 21:43:30,440.0,6.5,8.5,7.0,5.0,2.0,NDLS->CNB,440.0,276.5,275.0,-1.5
12302,2026-09-06,PRYJ,3,2026-09-06 23:43:00,2026-09-06 23:48:30,2026-09-06 23:45:00,2026-09-06 23:52:30,634.0,5.5,7.5,4.0,2.0,2.0,CNB->PRYJ,194.0,125.0,128.0,3.0
12302,2026-09-06,DDU,4,2026-09-07 00:45:00,2026-09-07 00:56:48,2026-09-07 00:55:00,2026-09-07 01:07:48,787.0,11.8,12.8,11.0,10.0,1.0,PRYJ->DDU,153.0,64.3,60.0,-4.300000000000001
12302,2026-09-06,GAYA,5,2026-09-07 03:10:00,2026-09-07 03:23:12,2026-09-07 03:13:00,2026-09-07 03:25:42,992.0,13.2,12.7,2.5,3.0,-0.5,DDU->GAYA,205.0,135.4,135.0,-0.3999999999999986
12302,2026-09-06,DHN,6,2026-09-07 05:55:00,2026-09-07 06:05:48,2026-09-07 06:00:00,2026-09-07 06:10:48,1193.0,10.8,10.8,5.0,5.0,0.0,GAYA->DHN,201.0,160.1,162.0,1.8999999999999986
12302,2026-09-06,ASN,7,2026-09-07 06:54:00,2026-09-07 07:06:18,2026-09-07 06:56:00,2026-09-07 07:10:18,1251.0,12.3,14.3,4.0,2.0,2.0,DHN->ASN,58.0,55.5,54.0,-1.5
12302,2026-09-06,HWH,8,2026-09-07 09:55:00,2026-09-07 10:07:30,,,1450.0,12.5,12.5,2.0,2.0,0.0,ASN->HWH,199.0,177.2,179.0,1.8000000000000007
12302,2026-09-07,NDLS,1,,,2026-09-07 16:55:00,2026-09-07 17:00:00,0.0,0.0,5.0,2.0,2.0,0.0,,0.0,,,0.0
12302,2026-09-07,CNB,2,2026-09-07 21:30:00,2026-09-07 21:36:30,2026-09-07 21:35:00,2026-09-07 21:41:00,440.0,6.5,6.0,4.5,5.0,-0.5,NDLS->CNB,440.0,276.5,275.0,-1.5
12302,2026-09-07,PRYJ,3,2026-09-07 23:43:00,2026-09-07 23:47:18,2026-09-07 23:45:00,2026-09-07 23:50:18,634.0,4.3,5.3,3.0,2.0,1.0,CNB->PRYJ,194.0,126.3,128.0,1.7000000000000002
12302,2026-09-07,DDU,4,2026-09-08 00:45:00,2026-09-08 00:54:30,2026-09-08 00:55:00,2026-09-08 01:05:30,787.0,9.5,10.5,11.0,10.0,1.0,PRYJ->DDU,153.0,64.2,60.0,-4.2
12302,2026-09-07,GAYA,5,2026-09-08 03:10:00,2026-09-08 03:20:00,2026-09-08 03:13:00,2026-09-08 03:23:30,992.0,10.0,10.5,3.5,3.0,0.5,DDU->GAYA,205.0,134.5,135.0,0.5
12302,2026-09-07,DHN,6,2026-09-08 05:55:00,2026-09-08 06:02:18,2026-09-08 06:00:00,2026-09-08 06:06:48,1193.0,7.3,6.8,4.5,5.0,-0.5,GAYA->DHN,201.0,158.8,162.0,3.2
12302,2026-09-07,ASN,7,2026-09-08 06:54:00,2026-09-08 07:01:06,2026-09-08 06:56:00,2026-09-08 07:02:36,1251.0,7.1,6.6,1.5,2.0,-0.5,DHN->ASN,58.0,54.3,54.0,-0.2999999999999998
12302,2026-09-07,HWH,8,2026-09-08 09:55:00,2026-09-08 10:01:36,,,1450.0,6.6,6.6,2.0,2.0,0.0,ASN->HWH,199.0,179.0,179.0,0.0
12302,2026-09-08,NDLS,1,,,2026-09-08 16:55:00,2026-09-08 17:00:00,0.0,0.0,5.0,2.0,2.0,0.0,,0.0,,,0.0
12302,2026-09-08,CNB,2,2026-09-08 21:30:00,2026-09-08 21:38:54,2026-09-08 21:35:00,2026-09-08 21:44:54,440.0,8.9,9.9,6.0,5.0,1.0,NDLS->CNB,440.0,278.9,275.0,-3.9000000000000004
12302,2026-09-08,PRYJ,3,2026-09-08 23:43:00,2026-09-08 23:51:24,2026-09-08 23:45:00,2026-09-08 23:54:24,634.0,8.4,9.4,3.0,2.0,1.0,CNB->PRYJ,194.0,126.5,128.0,1.5
12302,2026-09-08,DDU,4,2026-09-09 00:45:00,2026-09-09 00:52:36,2026-09-09 00:55:00,2026-09-09 01:03:36,787.0,7.6,8.6,11.0,10.0,1.0,PRYJ->DDU,153.0,58.2,60.0,1.8000000000000007
12302,2026-09-08,GAYA,5,2026-09-09 03:10:00,2026-09-09 03:16:42,2026-09-09 03:13:00,2026-09-09 03:19:42,992.0,6.7,6.7,3.0,3.0,0.0,DDU->GAYA,205.0,133.1,135.0,1.8999999999999995
12302,2026-09-08,DHN,6,2026-09-09 05:55:00,2026-09-09 05:59:06,2026-09-09 06:00:00,2026-09-09 06:03:36,1193.0,4.1,3.6,4.5,5.0,-0.5,GAYA->DHN,201.0,159.4,162.0,2.6000000000000005
12302,2026-09-08,ASN,7,2026-09-09 06:54:00,2026-09-09 06:54:36,2026-09-09 06:56:00,2026-09-09 06:56:06,1251.0,0.6,0.1,1.5,2.0,-0.5,DHN->ASN,58.0,51.0,54.0,3.0
12302,2026-09-08,HWH,8,2026-09-09 09:55:00,2026-09-09 09:55:12,,,1450.0,0.2,0.2,2.0,2.0,0.0,ASN->HWH,199.0,179.1,179.0,-0.1
12952,2026-08-05,NDLS,1,,,2026-08-05 16:55:00,2026-08-05 17:00:00,0.0,0.0,5.0,2.0,2.0,0.0,,0.0,,,0.0
12952,2026-08-05,KOTA,2,2026-08-05 21:30:00,2026-08-05 21:35:18,2026-08-05 21:40:00,2026-08-05 21:46:18,465.0,5.3,6.3,11.0,10.0,1.0,NDLS->KOTA,465.0,275.3,275.0,-0.2999999999999998
12952,2026-08-05,BRC,3,2026-08-06 03:40:00,2026-08-06 03:46:48,2026-08-06 03:50:00,2026-08-06 03:56:48,992.0,6.8,6.8,10.0,10.0,0.0,KOTA->BRC,527.0,360.5,360.0,-0.5
12952,2026-08-05,MMCT,4,2026-08-06 08:35:00,2026-08-06 08:42:54,,,1384.0,7.9,7.9,2.0,2.0,0.0,BRC->MMCT,392.0,286.1,285.0,-1.1000000000000005
12952,2026-08-06,NDLS,1,,,2026-08-06 16:55:00,2026-08-06 16:57:00,0.0,0.0,2.0,2.0,2.0,0.0,,0.0,,,0.0
12952,2026-08-06,KOTA,2,2026-08-06 21:30:00,2026-08-06 21:33:18,2026-08-06 21:40:00,2026-08-06 21:43:48,465.0,3.3,3.8,10.5,10.0,0.5,NDLS->KOTA,465.0,276.3,275.0,-1.2999999999999998
12952,2026-08-06,BRC,3,2026-08-07 03:40:00,2026-08-07 03:42:42,2026-08-07 03:50:00,2026-08-07 03:52:42,992.0,2.7,2.7,10.0,10.0,0.0,KOTA->BRC,527.0,358.9,360.0,1.0999999999999996
12952,2026-08-06,MMCT,4,2026-08-07 08:35:00,2026-08-07 08:36:12,,,1384.0,1.2,1.2,2.0,2.0,0.0,BRC->MMCT,392.0,283.5,285.0,1.5000000000000002
12952,2026-08-07,NDLS,1,,,2026-08-07 16:55:00,2026-08-07 17:00:00,0.0,0.0,5.0,2.0,2.0,0.0,,0.0,,,0.0
12952,2026-08-07,KOTA,2,2026-08-07 21:30:00,2026-08-07 21:37:06,2026-08-07 21:40:00,2026-08-07 21:47:36,465.0,7.1,7.6,10.5,10.0,0.5,NDLS->KOTA,465.0,277.1,275.0,-2.0999999999999996
12952,2026-08-07,BRC,3,2026-08-08 03:40:00,2026-08-08 03:46:12,2026-08-08 03:50:00,2026-08-08 03:57:12,992.0,6.2,7.2,11.0,10.0,1.0,KOTA->BRC,527.0,358.6,360.0,1.3999999999999995
12952,2026-08-07,MMCT,4,2026-08-08 08:35:00,2026-08-08 08:43:18,,,1384.0,8.3,8.3,2.0,2.0,0.0,BRC->MMCT,392.0,286.1,285.0,-1.1000000000000005
12952,2026-08-08,NDLS,1,,,2026-08-08 16:55:00,2026-08-08 16:55:00,0.0,0.0,0.0,2.0,2.0,0.0,,0.0,,,0.0
12952,2026-08-08,KOTA,2,2026-08-08 21:30:00,2026-08-08 21:30:00,2026-08-08 21:40:00,2026-08-08 21:41:00,465.0,0.0,1.0,11.0,10.0,1.0,NDLS->KOTA,465.0,275.0,275.0,0.0
12952,2026-08-08,BRC,3,2026-08-09 03:40:00,2026-08-09 03:40:42,2026-08-09 03:50:00,2026-08-09 03:51:42,992.0,0.7,1.7,11.0,10.0,1.0,KOTA->BRC,527.0,359.7,360.0,0.30000000000000004
12952,2026-08-08,MMCT,4,2026-08-09 08:35:00,2026-08-09 08:35:00,,,1384.0,0.0,0.0,2.0,2.0,0.0,BRC->MMCT,392.0,283.3,285.0,1.7
12952,2026-08-09,NDLS,1,,,2026-08-09 16:55:00,2026-08-09 16:55:00,0.0,0.0,0.0,2.0,2.0,0.0,,0.0,,,0.0
12952,2026-08-09,KOTA,2,2026-08-09 21:30:00,2026-08-09 21:30:36,2026-08-09 21:40:00,2026-08-09 21:40:36,465.0,0.6,0.6,10.0,10.0,0.0,NDLS->KOTA,465.0,275.6,275.0,-0.6
12952,2026-08-09,BRC,3,2026-08-10 03:40:00,2026-08-10 03:43:00,2026-08-10 03:50:00,2026-08-10 03:53:00,992.0,3.0,3.0,10.0,10.0,0.0,KOTA->BRC,527.0,362.4,360.0,-2.4
12952,2026-08-09,MMCT,4,2026-08-10 08:35:00,2026-08-10 08:38:12,,,1384.0,3.2,3.2,2.0,2.0,0.0,BRC->MMCT,392.0,285.2,285.0,-0.20000000000000018
12952,2026-08-10,NDLS,1,,,2026-08-10 16:55:00,2026-08-10 16:55:00,0.0,0.0,0.0,2.0,2.0,0.0,,0.0,,,0.0
12952,2026-08-10,KOTA,2,2026-08-10 21:30:00,2026-08-10 21:30:00,2026-08-10 21:40:00,2026-08-10 21:40:00,465.0,0.0,0.0,10.0,10.0,0.0,NDLS->KOTA,465.0,275.0,275.0,0.0
12952,2026-08-10,BRC,3,2026-08-11 03:40:00,2026-08-11 03:40:54,2026-08-11 03:50:00,2026-08-11 03:51:54,992.0,0.9,1.9,11.0,10.0,1.0,KOTA->BRC,527.0,360.9,360.0,-0.9
12952,2026-08-10,MMCT,4,2026-08-11 08:35:00,2026-08-11 08:39:42,,,1384.0,4.7,4.7,2.0,2.0,0.0,BRC->MMCT,392.0,287.8,285.0,-2.8000000000000003
12952,2026-08-11,NDLS,1,,,2026-08-11 16:55:00,2026-08-11 17:00:00,0.0,0.0,5.0,2.0,2.0,0.0,,0.0,,,0.0
12952,2026-08-11,KOTA,2,2026-08-11 21:30:00,2026-08-11 21:35:42,2026-08-11 21:40:00,2026-08-11 21:46:12,465.0,5.7,6.2,10.5,10.0,0.5,NDLS->KOTA,465.0,275.7,275.0,-0.7000000000000002
12952,2026-08-11,BRC,3,2026-08-12 03:40:00,2026-08-12 03:45:30,2026-08-12 03:50:00,2026-08-12 03:56:00,992.0,5.5,6.0,10.5,10.0,0.5,KOTA->BRC,527.0,359.3,360.0,0.7000000000000002
12952,2026-08-11,MMCT,4,2026-08-12 08:35:00,2026-08-12 08:40:12,,,1384.0,5.2,5.2,2.0,2.0,0.0,BRC->MMCT,392.0,284.2,285.0,0.7999999999999998
12952,2026-08-12,NDLS,1,,,2026-08-12 16:55:00,2026-08-12 17:00:00,0.0,0.0,5.0,2.0,2.0,0.0,,0.0,,,0.0
12952,2026-08-12,KOTA,2,2026-08-12 21:30:00,2026-08-12 21:38:30,2026-08-12 21:40:00,2026-08-12 21:50:30,465.0,8.5,10.5,12.0,10.0,2.0,NDLS->KOTA,465.0,278.5,275.0,-3.5
12952,2026-08-12,BRC,3,2026-08-13 03:40:00,2026-08-13 03:48:12,2026-08-13 03:50:00,2026-08-13 03:57:42,992.0,8.2,7.7,9.5,10.0,-0.5,KOTA->BRC,527.0,357.7,360.0,2.3000000000000007
12952,2026-08-12,MMCT,4,2026-08-13 08:35:00,2026-08-13 08:41:24,,,1384.0,6.4,6.4,2.0,2.0,0.0,BRC->MMCT,392.0,283.7,285.0,1.2999999999999998
12952,2026-08-13,NDLS,1,,,2026-08-13 16:55:00,2026-08-13 16:55:00,0.0,0.0,0.0,2.0,2.0,0.0,,0.0,,,0.0
12952,2026-08-13,KOTA,2,2026-08-13 21:30:00,2026-08-13 21:30:00,2026-08-13 21:40:00,2026-08-13 21:42:00,465.0,0.0,2.0,12.0,10.0,2.0,NDLS->KOTA,465.0,275.0,275.0,0.0
12952,2026-08-13,BRC,3,2026-08-14 03:40:00,2026-08-14 03:40:00,2026-08-14 03:50:00,2026-08-14 03:49:30,992.0,0.0,-0.5,9.5,10.0,-0.5,KOTA->BRC,527.0,358.0,360.0,2.0
12952,2026-08-13,MMCT,4,2026-08-14 08:35:00,2026-08-14 08:35:00,,,1384.0,0.0,0.0,2.0,2.0,0.0,BRC->MMCT,392.0,285.5,285.0,-0.5
12952,2026-08-14,NDLS,1,,,2026-08-14 16:55:00,2026-08-14 17:00:00,0.0,0.0,5.0,2.0,2.0,0.0,,0.0,,,0.0
12952,2026-08-14,KOTA,2,2026-08-14 21:30:00,2026-08-14 21:34:30,2026-08-14 21:40:00,2026-08-14 21:45:30,465.0,4.5,5.5,11.0,10.0,1.0,NDLS->KOTA,465.0,274.5,275.0,0.5
12952,2026-08-14,BRC,3,2026-08-15 03:40:00,2026-08-15 03:41:36,2026-08-15 03:50:00,2026-08-15 03:51:06,992.0,1.6,1.1,9.5,10.0,-0.5,KOTA->BRC,527.0,356.1,360.0,3.9
12952,2026-08-14,MMCT,4,2026-08-15 08:35:00,2026-08-15 08:35:00,,,1384.0,0.0,0.0,2.0,2.0,0.0,BRC->MMCT,392.0,283.9,285.0,1.1
12952,2026-08-15,NDLS,1,,,2026-08-15 16:55:00,2026-08-15 16:55:00,0.0,0.0,0.0,2.0,2.0,0.0,,0.0,,,0.0
12952,2026-08-15,KOTA,2,2026-08-15 21:30:00,2026-08-15 21:30:48,2026-08-15 21:40:00,2026-08-15 21:41:48,465.0,0.8,1.8,11.0,10.0,1.0,NDLS->KOTA,465.0,275.8,275.0,-0.8
12952,2026-08-15,BRC,3,2026-08-16 03:40:00,2026-08-16 03:40:00,2026-08-16 03:50:00,2026-08-16 03:50:30,992.0,0.0,0.5,10.5,10.0,0.5,KOTA->BRC,527.0,358.2,360.0,1.8
12952,2026-08-15,MMCT,4,2026-08-16 08:35:00,2026-08-16 08:35:24,,,1384.0,0.4,0.4,2.0,2.0,0.0,BRC->MMCT,392.0,284.9,285.0,0.09999999999999998
12952,2026-08-16,NDLS,1,,,2026-08-16 16:55:00,2026-08-16 16:55:00,0.0,0.0,0.0,2.0,2.0,0.0,,0.0,,,0.0
12952,2026-08-16,KOTA,2,2026-08-16 21:30:00,2026-08-16 21:30:00,2026-08-16 21:40:00,2026-08-16 21:40:30,465.0,0.0,0.5,10.5,10.0,0.5,NDLS->KOTA,465.0,275.0,275.0,0.0
12952,2026-08-16,BRC,3,2026-08-17 03:40:00,2026-08-17 03:43:12,2026-08-17 03:50:00,2026-08-17 03:55:12,992.0,3.2,5.2,12.0,10.0,2.0,KOTA->BRC,527.0,362.7,360.0,-2.7
12952,2026-08-16,MMCT,4,2026-08-17 08:35:00,2026-08-17 08:38:18,,,1384.0,3.3,3.3,2.0,2.0,0.0,BRC->MMCT,392.0,283.1,285.0,1.9000000000000004
12952,2026-08-17,NDLS,1,,,2026-08-17 16:55:00,2026-08-17 16:57:00,0.0,0.0,2.0,2.0,2.0,0.0,,0.0,,,0.0
12952,2026-08-17,KOTA,2,2026-08-17 21:30:00,2026-08-17 21:30:00,2026-08-17 21:40:00,2026-08-17 21:39:30,465.0,0.0,-0.5,9.5,10.0,-0.5,NDLS->KOTA,465.0,273.0,275.0,2.0
12952,2026-08-17,BRC,3,2026-08-18 03:40:00,2026-08-18 03:43:00,2026-08-18 03:50:00,2026-08-18 03:54:00,992.0,3.0,4.0,11.0,10.0,1.0,KOTA->BRC,527.0,363.5,360.0,-3.5
12952,2026-08-17,MMCT,4,2026-08-18 08:35:00,2026-08-18 08:39:12,,,1384.0,4.2,4.2,2.0,2.0,0.0,BRC->MMCT,392.0,285.2,285.0,-0.20000000000000018
12952,2026-08-18,NDLS,1,,,2026-08-18 16:55:00,2026-08-18 17:05:00,0.0,0.0,10.0,2.0,2.0,0.0,,0.0,,,0.0
12952,2026-08-18,KOTA,2,2026-08-18 21:30:00,2026-08-18 21:42:00,2026-08-18 21:40:00,2026-08-18 21:52:00,465.0,12.0,12.0,10.0,10.0,0.0,NDLS->KOTA,465.0,277.0,275.0,-2.0
12952,2026-08-18,BRC,3,2026-08-19 03:40:00,2026-08-19 03:52:18,2026-08-19 03:50:00,2026-08-19 04:03:18,992.0,12.3,13.3,11.0,10.0,1.0,KOTA->BRC,527.0,360.3,360.0,-0.3000000000000007
12952,2026-08-18,MMCT,4,2026-08-19 08:35:00,2026-08-19 08:46:30,,,1384.0,11.5,11.5,2.0,2.0,0.0,BRC->MMCT,392.0,283.2,285.0,1.8000000000000007
12952,2026-08-19,NDLS,1,,,2026-08-19 16:55:00,2026-08-19 16:55:00,0.0,0.0,0.0,2.0,2.0,0.0,,0.0,,,0.0
12952,2026-08-19,KOTA,2,2026-08-19 21:30:00,2026-08-19 21:30:00,2026-08-19 21:40:00,2026-08-19 21:39:30,465.0,0.0,-0.5,9.5,10.0,-0.5,NDLS->KOTA,465.0,275.0,275.0,0.0
12952,2026-08-19,BRC,3,2026-08-20 03:40:00,2026-08-20 03:42:42,2026-08-20 03:50:00,2026-08-20 03:53:42,992.0,2.7,3.7,11.0,10.0,1.0,KOTA->BRC,527.0,363.2,360.0,-3.2
12952,2026-08-19,MMCT,4,2026-08-20 08:35:00,2026-08-20 08:41:18,,,1384.0,6.3,6.3,2.0,2.0,0.0,BRC->MMCT,392.0,287.6,285.0,-2.5999999999999996
12952,2026-08-20,NDLS,1,,,2026-08-20 16:55:00,2026-08-20 17:00:00,0.0,0.0,5.0,2.0,2.0,0.0,,0.0,,,0.0
12952,2026-08-20,KOTA,2,2026-08-20 21:30:00,2026-08-20 21:38:12,2026-08-20 21:40:00,2026-08-20 21:47:42,465.0,8.2,7.7,9.5,10.0,-0.5,NDLS->KOTA,465.0,278.2,275.0,-3.1999999999999993
12952,2026-08-20,BRC,3,2026-08-21 03:40:00,2026-08-21 03:48:42,2026-08-21 03:50:00,2026-08-21 04:00:42,992.0,8.7,10.7,12.0,10.0,2.0,KOTA->BRC,527.0,361.0,360.0,-0.9999999999999991
12952,2026-08-20,MMCT,4,2026-08-21 08:35:00,2026-08-21 08:47:06,,,1384.0,12.1,12.1,2.0,2.0,0.0,BRC->MMCT,392.0,286.4,285.0,-1.4000000000000004
12952,2026-08-21,NDLS,1,,,2026-08-21 16:55:00,2026-08-21 16:57:00,0.0,0.0,2.0,2.0,2.0,0.0,,0.0,,,0.0
12952,2026-08-21,KOTA,2,2026-08-21 21:30:00,2026-08-21 21:31:42,2026-08-21 21:40:00,2026-08-21 21:42:12,465.0,1.7,2.2,10.5,10.0,0.5,NDLS->KOTA,465.0,274.7,275.0,0.30000000000000004
12952,2026-08-21,BRC,3,2026-08-22 03:40:00,2026-08-22 03:43:54,2026-08-22 03:50:00,2026-08-22 03:54:24,992.0,3.9,4.4,10.5,10.0,0.5,KOTA->BRC,527.0,361.7,360.0,-1.6999999999999997
12952,2026-08-21,MMCT,4,2026-08-22 08:35:00,2026-08-22 08:39:42,,,1384.0,4.7,4.7,2.0,2.0,0.0,BRC->MMCT,392.0,285.3,285.0,-0.2999999999999998
12952,2026-08-22,NDLS,1,,,2026-08-22 16:55:00,2026-08-22 16:55:00,0.0,0.0,0.0,2.0,2.0,0.0,,0.0,,,0.0
12952,2026-08-22,KOTA,2,2026-08-22 21:30:00,2026-08-22 21:30:00,2026-08-22 21:40:00,2026-08-22 21:40:30,465.0,0.0,0.5,10.5,10.0,0.5,NDLS->KOTA,465.0,275.0,275.0,0.0
12952,2026-08-22,BRC,3,2026-08-23 03:40:00,2026-08-23 03:40:18,2026-08-23 03:50:00,2026-08-23 03:52:18,992.0,0.3,2.3,12.0,10.0,2.0,KOTA->BRC,527.0,359.8,360.0,0.2
12952,2026-08-22,MMCT,4,2026-08-23 08:35:00,2026-08-23 08:37:30,,,1384.0,2.5,2.5,2.0,2.0,0.0,BRC->MMCT,392.0,285.2,285.0,-0.20000000000000018
12952,2026-08-23,NDLS,1,,,2026-08-23 16:55:00,2026-08-23 16:55:00,0.0,0.0,0.0,2.0,2.0,0.0,,0.0,,,0.0
12952,2026-08-23,KOTA,2,2026-08-23 21:30:00,2026-08-23 21:32:24,2026-08-23 21:40:00,2026-08-23 21:43:24,465.0,2.4,3.4,11.0,10.0,1.0,NDLS->KOTA,465.0,277.4,275.0,-2.4
12952,2026-08-23,BRC,3,2026-08-24 03:40:00,2026-08-24 03:43:06,2026-08-24 03:50:00,2026-08-24 03:53:36,992.0,3.1,3.6,10.5,10.0,0.5,KOTA->BRC,527.0,359.7,360.0,0.2999999999999998
12952,2026-08-23,MMCT,4,2026-08-24 08:35:00,2026-08-24 08:37:00,,,1384.0,2.0,2.0,2.0,2.0,0.0,BRC->MMCT,392.0,283.4,285.0,1.6
12952,2026-08-24,NDLS,1,,,2026-08-24 16:55:00,2026-08-24 17:00:00,0.0,0.0,5.0,2.0,2.0,0.0,,0.0,,,0.0
12952,2026-08-24,KOTA,2,2026-08-24 21:30:00,2026-08-24 21:33:54,2026-08-24 21:40:00,2026-08-24 21:44:24,465.0,3.9,4.4,10.5,10.0,0.5,NDLS->KOTA,465.0,273.9,275.0,1.1
12952,2026-08-24,BRC,3,2026-08-25 03:40:00,2026-08-25 03:46:24,2026-08-25 03:50:00,2026-08-25 03:56:54,992.0,6.4,6.9,10.5,10.0,0.5,KOTA->BRC,527.0,362.0,360.0,-2.0
12952,2026-08-24,MMCT,4,2026-08-25 08:35:00,2026-08-25 08:43:00,,,1384.0,8.0,8.0,2.0,2.0,0.0,BRC->MMCT,392.0,286.1,285.0,-1.0999999999999996
12952,2026-08-25,NDLS,1,,,2026-08-25 16:55:00,2026-08-25 17:05:00,0.0,0.0,10.0,2.0,2.0,0.0,,0.0,,,0.0
12952,2026-08-25,KOTA,2,2026-08-25 21:30:00,2026-08-25 21:37:48,2026-08-25 21:40:00,2026-08-25 21:47:18,465.0,7.8,7.3,9.5,10.0,-0.5,NDLS->KOTA,465.0,272.8,275.0,2.2
12952,2026-08-25,BRC,3,2026-08-26 03:40:00,2026-08-26 03:48:54,2026-08-26 03:50:00,2026-08-26 03:59:54,992.0,8.9,9.9,11.0,10.0,1.0,KOTA->BRC,527.0,361.6,360.0,-1.6000000000000005
12952,2026-08-25,MMCT,4,2026-08-26 08:35:00,2026-08-26 08:43:54,,,1384.0,8.9,8.9,2.0,2.0,0.0,BRC->MMCT,392.0,284.0,285.0,1.0
12952,2026-08-26,NDLS,1,,,2026-08-26 16:55:00,2026-08-26 16:55:00,0.0,0.0,0.0,2.0,2.0,0.0,,0.0,,,0.0
12952,2026-08-26,KOTA,2,2026-08-26 21:30:00,2026-08-26 21:32:00,2026-08-26 21:40:00,2026-08-26 21:44:00,465.0,2.0,4.0,12.0,10.0,2.0,NDLS->KOTA,465.0,277.0,275.0,-2.0
12952,2026-08-26,BRC,3,2026-08-27 03:40:00,2026-08-27 03:42:18,2026-08-27 03:50:00,2026-08-27 03:53:18,992.0,2.3,3.3,11.0,10.0,1.0,KOTA->BRC,527.0,358.3,360.0,1.7000000000000002
12952,2026-08-26,MMCT,4,2026-08-27 08:35:00,2026-08-27 08:37:54,,,1384.0,2.9,2.9,2.0,2.0,0.0,BRC->MMCT,392.0,284.6,285.0,0.3999999999999999
12952,2026-08-27,NDLS,1,,,2026-08-27 16:55:00,2026-08-27 17:05:00,0.0,0.0,10.0,2.0,2.0,0.0,,0.0,,,0.0
12952,2026-08-27,KOTA,2,2026-08-27 21:30:00,2026-08-27 21:40:24,2026-08-27 21:40:00,2026-08-27 21:50:54,465.0,10.4,10.9,10.5,10.0,0.5,NDLS->KOTA,465.0,275.4,275.0,-0.40000000000000036
12952,2026-08-27,BRC,3,2026-08-28 03:40:00,2026-08-28 03:51:30,2026-08-28 03:50:00,2026-08-28 04:02:30,992.0,11.5,12.5,11.0,10.0,1.0,KOTA->BRC,527.0,360.6,360.0,-0.5999999999999996
12952,2026-08-27,MMCT,4,2026-08-28 08:35:00,2026-08-28 08:47:12,,,1384.0,12.2,12.2,2.0,2.0,0.0,BRC->MMCT,392.0,284.7,285.0,0.3000000000000007
12952,2026-08-28,NDLS,1,,,2026-08-28 16:55:00,2026-08-28 16:55:00,0.0,0.0,0.0,2.0,2.0,0.0,,0.0,,,0.0
12952,2026-08-28,KOTA,2,2026-08-28 21:30:00,2026-08-28 21:30:48,2026-08-28 21:40:00,2026-08-28 21:40:18,465.0,0.8,0.3,9.5,10.0,-0.5,NDLS->KOTA,465.0,275.8,275.0,-0.8
12952,2026-08-28,BRC,3,2026-08-29 03:40:00,2026-08-29 03:41:54,2026-08-29 03:50:00,2026-08-29 03:52:24,992.0,1.9,2.4,10.5,10.0,0.5,KOTA->BRC,527.0,361.6,360.0,-1.5999999999999999
12952,2026-08-28,MMCT,4,2026-08-29 08:35:00,2026-08-29 08:37:12,,,1384.0,2.2,2.2,2.0,2.0,0.0,BRC->MMCT,392.0,284.8,285.0,0.19999999999999973
12952,2026-08-29,NDLS,1,,,2026-08-29 16:55:00,2026-08-29 16:55:00,0.0,0.0,0.0,2.0,2.0,0.0,,0.0,,,0.0
12952,2026-08-29,KOTA,2,2026-08-29 21:30:00,2026-08-29 21:30:00,2026-08-29 21:40:00,2026-08-29 21:41:00,465.0,0.0,1.0,11.0,10.0,1.0,NDLS->KOTA,465.0,275.0,275.0,0.0
12952,2026-08-29,BRC,3,2026-08-30 03:40:00,2026-08-30 03:41:06,2026-08-30 03:50:00,2026-08-30 03:51:06,992.0,1.1,1.1,10.0,10.0,0.0,KOTA->BRC,527.0,360.1,360.0,-0.10000000000000009
12952,2026-08-29,MMCT,4,2026-08-30 08:35:00,2026-08-30 08:36:54,,,1384.0,1.9,1.9,2.0,2.0,0.0,BRC->MMCT,392.0,285.8,285.0,-0.7999999999999998
12952,2026-08-30,NDLS,1,,,2026-08-30 16:55:00,2026-08-30 17:05:00,0.0,0.0,10.0,2.0,2.0,0.0,,0.0,,,0.0
12952,2026-08-30,KOTA,2,2026-08-30 21:30:00,2026-08-30 21:37:06,2026-08-30 21:40:00,2026-08-30 21:49:06,465.0,7.1,9.1,12.0,10.0,2.0,NDLS->KOTA,465.0,272.1,275.0,2.9000000000000004
12952,2026-08-30,BRC,3,2026-08-31 03:40:00,2026-08-31 03:48:00,2026-08-31 03:50:00,2026-08-31 04:00:00,992.0,8.0,10.0,12.0,10.0,2.0,KOTA->BRC,527.0,358.9,360.0,1.0999999999999996
12952,2026-08-30,MMCT,4,2026-08-31 08:35:00,2026-08-31 08:43:42,,,1384.0,8.7,8.7,2.0,2.0,0.0,BRC->MMCT,392.0,283.7,285.0,1.3000000000000007
12952,2026-08-31,NDLS,1,,,2026-08-31 16:55:00,2026-08-31 16:57:00,0.0,0.0,2.0,2.0,2.0,0.0,,0.0,,,0.0
12952,2026-08-31,KOTA,2,2026-08-31 21:30:00,2026-08-31 21:33:18,2026-08-31 21:40:00,2026-08-31 21:45:18,465.0,3.3,5.3,12.0,10.0,2.0,NDLS->KOTA,465.0,276.3,275.0,-1.2999999999999998
12952,2026-08-31,BRC,3,2026-09-01 03:40:00,2026-09-01 03:42:48,2026-09-01 03:50:00,2026-09-01 03:53:48,992.0,2.8,3.8,11.0,10.0,1.0,KOTA->BRC,527.0,357.5,360.0,2.5
12952,2026-08-31,MMCT,4,2026-09-01 08:35:00,2026-09-01 08:37:30,,,1384.0,2.5,2.5,2.0,2.0,0.0,BRC->MMCT,392.0,283.7,285.0,1.2999999999999998
12952,2026-09-01,NDLS,1,,,2026-09-01 16:55:00,2026-09-01 16:55:00,0.0,0.0,0.0,2.0,2.0,0.0,,0.0,,,0.0
12952,2026-09-01,KOTA,2,2026-09-01 21:30:00,2026-09-01 21:30:00,2026-09-01 21:40:00,2026-09-01 21:39:30,465.0,0.0,-0.5,9.5,10.0,-0.5,NDLS->KOTA,465.0,275.0,275.0,0.0
12952,2026-09-01,BRC,3,2026-09-02 03:40:00,2026-09-02 03:41:12,2026-09-02 03:50:00,2026-09-02 03:52:12,992.0,1.2,2.2,11.0,10.0,1.0,KOTA->BRC,527.0,361.7,360.0,-1.7
12952,2026-09-01,MMCT,4,2026-09-02 08:35:00,2026-09-02 08:35:00,,,1384.0,0.0,0.0,2.0,2.0,0.0,BRC->MMCT,392.0,282.8,285.0,2.2
12952,2026-09-02,NDLS,1,,,2026-09-02 16:55:00,2026-09-02 16:55:00,0.0,0.0,0.0,2.0,2.0,0.0,,0.0,,,0.0
12952,2026-09-02,KOTA,2,2026-09-02 21:30:00,2026-09-02 21:30:54,2026-09-02 21:40:00,2026-09-02 21:41:54,465.0,0.9,1.9,11.0,10.0,1.0,NDLS->KOTA,465.0,275.9,275.0,-0.9
12952,2026-09-02,BRC,3,2026-09-03 03:40:00,2026-09-03 03:40:00,2026-09-03 03:50:00,2026-09-03 03:49:30,992.0,0.0,-0.5,9.5,10.0,-0.5,KOTA->BRC,527.0,358.1,360.0,1.9
12952,2026-09-02,MMCT,4,2026-09-03 08:35:00,2026-09-03 08:35:30,,,1384.0,0.5,0.5,2.0,2.0,0.0,BRC->MMCT,392.0,286.0,285.0,-1.0
12952,2026-09-03,NDLS,1,,,2026-09-03 16:55:00,2026-09-03 16:55:00,0.0,0.0,0.0,2.0,2.0,0.0,,0.0,,,0.0
12952,2026-09-03,KOTA,2,2026-09-03 21:30:00,2026-09-03 21:30:00,2026-09-03 21:40:00,2026-09-03 21:40:00,465.0,0.0,0.0,10.0,10.0,0.0,NDLS->KOTA,465.0,275.0,275.0,0.0
12952,2026-09-03,BRC,3,2026-09-04 03:40:00,2026-09-04 03:43:12,2026-09-04 03:50:00,2026-09-04 03:54:12,992.0,3.2,4.2,11.0,10.0,1.0,KOTA->BRC,527.0,363.2,360.0,-3.2
12952,2026-09-03,MMCT,4,2026-09-04 08:35:00,2026-09-04 08:41:30,,,1384.0,6.5,6.5,2.0,2.0,0.0,BRC->MMCT,392.0,287.3,285.0,-2.3
12952,2026-09-04,NDLS,1,,,2026-09-04 16:55:00,2026-09-04 16:57:00,0.0,0.0,2.0,2.0,2.0,0.0,,0.0,,,0.0
12952,2026-09-04,KOTA,2,2026-09-04 21:30:00,2026-09-04 21:32:30,2026-09-04 21:40:00,2026-09-04 21:42:30,465.0,2.5,2.5,10.0,10.0,0.0,NDLS->KOTA,465.0,275.5,275.0,-0.5
12952,2026-09-04,BRC,3,2026-09-05 03:40:00,2026-09-05 03:41:24,2026-09-05 03:50:00,2026-09-05 03:51:24,992.0,1.4,1.4,10.0,10.0,0.0,KOTA->BRC,527.0,358.9,360.0,1.1
12952,2026-09-04,MMCT,4,2026-09-05 08:35:00,2026-09-05 08:35:00,,,1384.0,0.0,0.0,2.0,2.0,0.0,BRC->MMCT,392.0,283.6,285.0,1.4
12952,2026-09-05,NDLS,1,,,2026-09-05 16:55:00,2026-09-05 16:57:00,0.0,0.0,2.0,2.0,2.0,0.0,,0.0,,,0.0
12952,2026-09-05,KOTA,2,2026-09-05 21:30:00,2026-09-05 21:33:06,2026-09-05 21:40:00,2026-09-05 21:43:36,465.0,3.1,3.6,10.5,10.0,0.5,NDLS->KOTA,465.0,276.1,275.0,-1.1
12952,2026-09-05,BRC,3,2026-09-06 03:40:00,2026-09-06 03:46:48,2026-09-06 03:50:00,2026-09-06 03:56:18,992.0,6.8,6.3,9.5,10.0,-0.5,KOTA->BRC,527.0,363.2,360.0,-3.1999999999999997
12952,2026-09-05,MMCT,4,2026-09-06 08:35:00,2026-09-06 08:43:54,,,1384.0,8.9,8.9,2.0,2.0,0.0,BRC->MMCT,392.0,287.6,285.0,-2.6000000000000005
12952,2026-09-06,NDLS,1,,,2026-09-06 16:55:00,2026-09-06 16:55:00,0.0,0.0,0.0,2.0,2.0,0.0,,0.0,,,0.0
12952,2026-09-06,KOTA,2,2026-09-06 21:30:00,2026-09-06 21:30:30,2026-09-06 21:40:00,2026-09-06 21:41:00,465.0,0.5,1.0,10.5,10.0,0.5,NDLS->KOTA,465.0,275.5,275.0,-0.5
12952,2026-09-06,BRC,3,2026-09-07 03:40:00,2026-09-07 03:43:30,2026-09-07 03:50:00,2026-09-07 03:53:30,992.0,3.5,3.5,10.0,10.0,0.0,KOTA->BRC,527.0,362.5,360.0,-2.5
12952,2026-09-06,MMCT,4,2026-09-07 08:35:00,2026-09-07 08:40:48,,,1384.0,5.8,5.8,2.0,2.0,0.0,BRC->MMCT,392.0,287.3,285.0,-2.3
12952,2026-09-07,NDLS,1,,,2026-09-07 16:55:00,2026-09-07 16:55:00,0.0,0.0,0.0,2.0,2.0,0.0,,0.0,,,0.0
12952,2026-09-07,KOTA,2,2026-09-07 21:30:00,2026-09-07 21:30:00,2026-09-07 21:40:00,2026-09-07 21:42:00,465.0,0.0,2.0,12.0,10.0,2.0,NDLS->KOTA,465.0,275.0,275.0,0.0
12952,2026-09-07,BRC,3,2026-09-08 03:40:00,2026-09-08 03:43:12,2026-09-08 03:50:00,2026-09-08 03:54:12,992.0,3.2,4.2,11.0,10.0,1.0,KOTA->BRC,527.0,361.2,360.0,-1.2000000000000002
12952,2026-09-07,MMCT,4,2026-09-08 08:35:00,2026-09-08 08:38:06,,,1384.0,3.1,3.1,2.0,2.0,0.0,BRC->MMCT,392.0,283.9,285.0,1.1
12952,2026-09-08,NDLS,1,,,2026-09-08 16:55:00,2026-09-08 17:00:00,0.0,0.0,5.0,2.0,2.0,0.0,,0.0,,,0.0
12952,2026-09-08,KOTA,2,2026-09-08 21:30:00,2026-09-08 21:38:06,2026-09-08 21:40:00,2026-09-08 21:48:36,465.0,8.1,8.6,10.5,10.0,0.5,NDLS->KOTA,465.0,278.1,275.0,-3.0999999999999996
12952,2026-09-08,BRC,3,2026-09-09 03:40:00,2026-09-09 03:50:24,2026-09-09 03:50:00,2026-09-09 04:02:24,992.0,10.4,12.4,12.0,10.0,2.0,KOTA->BRC,527.0,361.8,360.0,-1.8000000000000007
12952,2026-09-08,MMCT,4,2026-09-09 08:35:00,2026-09-09 08:43:42,,,1384.0,8.7,8.7,2.0,2.0,0.0,BRC->MMCT,392.0,281.3,285.0,3.700000000000001
22436,2026-08-05,NDLS,1,,,2026-08-05 06:00:00,2026-08-05 06:10:00,0.0,0.0,10.0,2.0,2.0,0.0,,0.0,,,0.0
22436,2026-08-05,CNB,2,2026-08-05 10:08:00,2026-08-05 10:22:00,2026-08-05 10:10:00,2026-08-05 10:24:30,440.0,14.0,14.5,2.5,2.0,0.5,NDLS->CNB,440.0,252.0,248.0,-4.0
22436,2026-08-05,PRYJ,3,2026-08-05 12:08:00,2026-08-05 12:18:54,2026-08-05 12:10:00,2026-08-05 12:20:54,634.0,10.9,10.9,2.0,2.0,0.0,CNB->PRYJ,194.0,114.4,118.0,3.5999999999999996
22436,2026-08-05,BSB,4,2026-08-05 14:00:00,2026-08-05 14:11:48,,,759.0,11.8,11.8,2.0,2.0,0.0,PRYJ->BSB,125.0,110.9,110.0,-0.9000000000000004
22436,2026-08-06,NDLS,1,,,2026-08-06 06:00:00,2026-08-06 06:02:00,0.0,0.0,2.0,2.0,2.0,0.0,,0.0,,,0.0
22436,2026-08-06,CNB,2,2026-08-06 10:08:00,2026-08-06 10:17:42,2026-08-06 10:10:00,2026-08-06 10:21:42,440.0,9.7,11.7,4.0,2.0,2.0,NDLS->CNB,440.0,255.7,248.0,-7.699999999999999
22436,2026-08-06,PRYJ,3,2026-08-06 12:08:00,2026-08-06 12:13:00,2026-08-06 12:10:00,2026-08-06 12:16:00,634.0,5.0,6.0,3.0,2.0,1.0,CNB->PRYJ,194.0,111.3,118.0,6.699999999999999
22436,2026-08-06,BSB,4,2026-08-06 14:00:00,2026-08-06 14:02:48,,,759.0,2.8,2.8,2.0,2.0,0.0,PRYJ->BSB,125.0,106.8,110.0,3.2
22436,2026-08-07,NDLS,1,,,2026-08-07 06:00:00,2026-08-07 06:02:00,0.0,0.0,2.0,2.0,2.0,0.0,,0.0,,,0.0
22436,2026-08-07,CNB,2,2026-08-07 10:08:00,2026-08-07 10:09:06,2026-08-07 10:10:00,2026-08-07 10:11:36,440.0,1.1,1.6,2.5,2.0,0.5,NDLS->CNB,440.0,247.1,248.0,0.8999999999999999
22436,2026-08-07,PRYJ,3,2026-08-07 12:08:00,2026-08-07 12:09:48,2026-08-07 12:10:00,2026-08-07 12:12:48,634.0,1.8,2.8,3.0,2.0,1.0,CNB->PRYJ,194.0,118.2,118.0,-0.19999999999999996
22436,2026-08-07,BSB,4,2026-08-07 14:00:00,2026-08-07 14:01:18,,,759.0,1.3,1.3,2.0,2.0,0.0,PRYJ->BSB,125.0,108.5,110.0,1.4999999999999998
22436,2026-08-08,NDLS,1,,,2026-08-08 06:00:00,2026-08-08 06:00:00,0.0,0.0,0.0,2.0,2.0,0.0,,0.0,,,0.0
22436,2026-08-08,CNB,2,2026-08-08 10:08:00,2026-08-08 10:08:00,2026-08-08 10:10:00,2026-08-08 10:09:30,440.0,0.0,-0.5,1.5,2.0,-0.5,NDLS->CNB,440.0,248.0,248.0,0.0
22436,2026-08-08,PRYJ,3,2026-08-08 12:08:00,2026-08-08 12:11:00,2026-08-08 12:10:00,2026-08-08 12:14:00,634.0,3.0,4.0,3.0,2.0,1.0,CNB->PRYJ,194.0,121.5,118.0,-3.5
22436,2026-08-08,BSB,4,2026-08-08 14:00:00,2026-08-08 14:06:24,,,759.0,6.4,6.4,2.0,2.0,0.0,PRYJ->BSB,125.0,112.4,110.0,-2.4000000000000004
22436,2026-08-09,NDLS,1,,,2026-08-09 06:00:00,2026-08-09 06:00:00,0.0,0.0,0.0,2.0,2.0,0.0,,0.0,,,0.0
22436,2026-08-09,CNB,2,2026-08-09 10:08:00,2026-08-09 10:13:18,2026-08-09 10:10:00,2026-08-09 10:16:18,440.0,5.3,6.3,3.0,2.0,1.0,NDLS->CNB,440.0,253.3,248.0,-5.3
22436,2026-08-09,PRYJ,3,2026-08-09 12:08:00,2026-08-09 12:10:48,2026-08-09 12:10:00,2026-08-09 12:13:48,634.0,2.8,3.8,3.0,2.0,1.0,CNB->PRYJ,194.0,114.5,118.0,3.5
22436,2026-08-09,BSB,4,2026-08-09 14:00:00,2026-08-09 14:03:18,,,759.0,3.3,3.3,2.0,2.0,0.0,PRYJ->BSB,125.0,109.5,110.0,0.5
22436,2026-08-10,NDLS,1,,,2026-08-10 06:00:00,2026-08-10 06:10:00,0.0,0.0,10.0,2.0,2.0,0.0,,0.0,,,0.0
22436,2026-08-10,CNB,2,2026-08-10 10:08:00,2026-08-10 10:23:36,2026-08-10 10:10:00,2026-08-10 10:26:36,440.0,15.6,16.6,3.0,2.0,1.0,NDLS->CNB,440.0,253.6,248.0,-5.6
22436,2026-08-10,PRYJ,3,2026-08-10 12:08:00,2026-08-10 12:23:00,2026-08-10 12:10:00,2026-08-10 12:25:00,634.0,15.0,15.0,2.0,2.0,0.0,CNB->PRYJ,194.0,116.4,118.0,1.6000000000000014
22436,2026-08-10,BSB,4,2026-08-10 14:00:00,2026-08-10 14:14:36,,,759.0,14.6,14.6,2.0,2.0,0.0,PRYJ->BSB,125.0,109.6,110.0,0.40000000000000036
22436,2026-08-11,NDLS,1,,,2026-08-11 06:00:00,2026-08-11 06:05:00,0.0,0.0,5.0,2.0,2.0,0.0,,0.0,,,0.0
22436,2026-08-11,CNB,2,2026-08-11 10:08:00,2026-08-11 10:19:30,2026-08-11 10:10:00,2026-08-11 10:23:30,440.0,11.5,13.5,4.0,2.0,2.0,NDLS->CNB,440.0,254.5,248.0,-6.5
22436,2026-08-11,PRYJ,3,2026-08-11 12:08:00,2026-08-11 12:18:24,2026-08-11 12:10:00,2026-08-11 12:20:24,634.0,10.4,10.4,2.0,2.0,0.0,CNB->PRYJ,194.0,114.9,118.0,3.0999999999999996
22436,2026-08-11,BSB,4,2026-08-11 14:00:00,2026-08-11 14:10:30,,,759.0,10.5,10.5,2.0,2.0,0.0,PRYJ->BSB,125.0,110.1,110.0,-0.09999999999999964
22436,2026-08-12,NDLS,1,,,2026-08-12 06:00:00,2026-08-12 06:05:00,0.0,0.0,5.0,2.0,2.0,0.0,,0.0,,,0.0
22436,2026-08-12,CNB,2,2026-08-12 10:08:00,2026-08-12 10:17:42,2026-08-12 10:10:00,2026-08-12 10:19:42,440.0,9.7,9.7,2.0,2.0,0.0,NDLS->CNB,440.0,252.7,248.0,-4.699999999999999
22436,2026-08-12,PRYJ,3,2026-08-12 12:08:00,2026-08-12 12:18:12,2026-08-12 12:10:00,2026-08-12 12:20:42,634.0,10.2,10.7,2.5,2.0,0.5,CNB->PRYJ,194.0,118.5,118.0,-0.5
22436,2026-08-12,BSB,4,2026-08-12 14:00:00,2026-08-12 14:07:30,,,759.0,7.5,7.5,2.0,2.0,0.0,PRYJ->BSB,125.0,106.8,110.0,3.1999999999999993
22436,2026-08-13,NDLS,1,,,2026-08-13 06:00:00,2026-08-13 06:00:00,0.0,0.0,0.0,2.0,2.0,0.0,,0.0,,,0.0
22436,2026-08-13,CNB,2,2026-08-13 10:08:00,2026-08-13 10:13:12,2026-08-13 10:10:00,2026-08-13 10:15:12,440.0,5.2,5.2,2.0,2.0,0.0,NDLS->CNB,440.0,253.2,248.0,-5.2
22436,2026-08-13,PRYJ,3,2026-08-13 12:08:00,2026-08-13 12:11:06,2026-08-13 12:10:00,2026-08-13 12:13:06,634.0,3.1,3.1,2.0,2.0,0.0,CNB->PRYJ,194.0,115.9,118.0,2.1
22436,2026-08-13,BSB,4,2026-08-13 14:00:00,2026-08-13 14:02:36,,,759.0,2.6,2.6,2.0,2.0,0.0,PRYJ->BSB,125.0,109.5,110.0,0.5
22436,2026-08-14,NDLS,1,,,2026-08-14 06:00:00,2026-08-14 06:10:00,0.0,0.0,10.0,2.0,2.0,0.0,,0.0,,,0.0
22436,2026-08-14,CNB,2,2026-08-14 10:08:00,2026-08-14 10:20:24,2026-08-14 10:10:00,2026-08-14 10:23:24,440.0,12.4,13.4,3.0,2.0,1.0,NDLS->CNB,440.0,250.4,248.0,-2.4000000000000004
22436,2026-08-14,PRYJ,3,2026-08-14 12:08:00,2026-08-14 12:18:54,2026-08-14 12:10:00,2026-08-14 12:20:54,634.0,10.9,10.9,2.0,2.0,0.0,CNB->PRYJ,194.0,115.5,118.0,2.5
22436,2026-08-14,BSB,4,2026-08-14 14:00:00,2026-08-14 14:12:24,,,759.0,12.4,12.4,2.0,2.0,0.0,PRYJ->BSB,125.0,111.5,110.0,-1.5
22436,2026-08-15,NDLS,1,,,2026-08-15 06:00:00,2026-08-15 06:05:00,0.0,0.0,5.0,2.0,2.0,0.0,,0.0,,,0.0
22436,2026-08-15,CNB,2,2026-08-15 10:08:00,2026-08-15 10:11:36,2026-08-15 10:10:00,2026-08-15 10:13:36,440.0,3.6,3.6,2.0,2.0,0.0,NDLS->CNB,440.0,246.6,248.0,1.4
22436,2026-08-15,PRYJ,3,2026-08-15 12:08:00,2026-08-15 12:11:48,2026-08-15 12:10:00,2026-08-15 12:14:48,634.0,3.8,4.8,3.0,2.0,1.0,CNB->PRYJ,194.0,118.2,118.0,-0.19999999999999973
22436,2026-08-15,BSB,4,2026-08-15 14:00:00,2026-08-15 14:05:12,,,759.0,5.2,5.2,2.0,2.0,0.0,PRYJ->BSB,125.0,110.4,110.0,-0.40000000000000036
22436,2026-08-16,NDLS,1,,,2026-08-16 06:00:00,2026-08-16 06:02:00,0.0,0.0,2.0,2.0,2.0,0.0,,0.0,,,0.0
22436,2026-08-16,CNB,2,2026-08-16 10:08:00,2026-08-16 10:12:12,2026-08-16 10:10:00,2026-08-16 10:15:12,440.0,4.2,5.2,3.0,2.0,1.0,NDLS->CNB,440.0,250.2,248.0,-2.2
22436,2026-08-16,PRYJ,3,2026-08-16 12:08:00,2026-08-16 12:08:00,2026-08-16 12:10:00,2026-08-16 12:09:30,634.0,0.0,-0.5,1.5,2.0,-0.5,CNB->PRYJ,194.0,112.8,118.0,5.2
22436,2026-08-16,BSB,4,2026-08-16 14:00:00,2026-08-16 14:01:36,,,759.0,1.6,1.6,2.0,2.0,0.0,PRYJ->BSB,125.0,112.1,110.0,-2.1
22436,2026-08-17,NDLS,1,,,2026-08-17 06:00:00,2026-08-17 06:00:00,0.0,0.0,0.0,2.0,2.0,0.0,,0.0,,,0.0
22436,2026-08-17,CNB,2,2026-08-17 10:08:00,2026-08-17 10:17:00,2026-08-17 10:10:00,2026-08-17 10:19:30,440.0,9.0,9.5,2.5,2.0,0.5,NDLS->CNB,440.0,257.0,248.0,-9.0
22436,2026-08-17,PRYJ,3,2026-08-17 12:08:00,2026-08-17 12:14:12,2026-08-17 12:10:00,2026-08-17 12:16:12,634.0,6.2,6.2,2.0,2.0,0.0,CNB->PRYJ,194.0,114.7,118.0,3.3
22436,2026-08-17,BSB,4,2026-08-17 14:00:00,2026-08-17 14:07:24,,,759.0,7.4,7.4,2.0,2.0,0.0,PRYJ->BSB,125.0,111.2,110.0,-1.2000000000000002
22436,2026-08-18,NDLS,1,,,2026-08-18 06:00:00,2026-08-18 06:00:00,0.0,0.0,0.0,2.0,2.0,0.0,,0.0,,,0.0
22436,2026-08-18,CNB,2,2026-08-18 10:08:00,2026-08-18 10:15:18,2026-08-18 10:10:00,2026-08-18 10:17:48,440.0,7.3,7.8,2.5,2.0,0.5,NDLS->CNB,440.0,255.3,248.0,-7.3
22436,2026-08-18,PRYJ,3,2026-08-18 12:08:00,2026-08-18 12:12:42,2026-08-18 12:10:00,2026-08-18 12:15:42,634.0,4.7,5.7,3.0,2.0,1.0,CNB->PRYJ,194.0,114.9,118.0,3.0999999999999996
22436,2026-08-18,BSB,4,2026-08-18 14:00:00,2026-08-18 14:01:54,,,759.0,1.9,1.9,2.0,2.0,0.0,PRYJ->BSB,125.0,106.2,110.0,3.8000000000000003
22436,2026-08-19,NDLS,1,,,2026-08-19 06:00:00,2026-08-19 06:10:00,0.0,0.0,10.0,2.0,2.0,0.0,,0.0,,,0.0
22436,2026-08-19,CNB,2,2026-08-19 10:08:00,2026-08-19 10:25:06,2026-08-19 10:10:00,2026-08-19 10:29:06,440.0,17.1,19.1,4.0,2.0,2.0,NDLS->CNB,440.0,255.1,248.0,-7.100000000000001
22436,2026-08-19,PRYJ,3,2026-08-19 12:08:00,2026-08-19 12:20:48,2026-08-19 12:10:00,2026-08-19 12:22:18,634.0,12.8,12.3,1.5,2.0,-0.5,CNB->PRYJ,194.0,111.7,118.0,6.300000000000001
22436,2026-08-19,BSB,4,2026-08-19 14:00:00,2026-08-19 14:14:06,,,759.0,14.1,14.1,2.0,2.0,0.0,PRYJ->BSB,125.0,111.8,110.0,-1.799999999999999
22436,2026-08-20,NDLS,1,,,2026-08-20 06:00:00,2026-08-20 06:00:00,0.0,0.0,0.0,2.0,2.0,0.0,,0.0,,,0.0
22436,2026-08-20,CNB,2,2026-08-20 10:08:00,2026-08-20 10:11:48,2026-08-20 10:10:00,2026-08-20 10:13:48,440.0,3.8,3.8,2.0,2.0,0.0,NDLS->CNB,440.0,251.8,248.0,-3.8
22436,2026-08-20,PRYJ,3,2026-08-20 12:08:00,2026-08-20 12:10:06,2026-08-20 12:10:00,2026-08-20 12:14:06,634.0,2.1,4.1,4.0,2.0,2.0,CNB->PRYJ,194.0,116.3,118.0,1.6999999999999997
22436,2026-08-20,BSB,4,2026-08-20 14:00:00,2026-08-20 14:03:12,,,759.0,3.2,3.2,2.0,2.0,0.0,PRYJ->BSB,125.0,109.1,110.0,0.8999999999999995
22436,2026-08-21,NDLS,1,,,2026-08-21 06:00:00,2026-08-21 06:10:00,0.0,0.0,10.0,2.0,2.0,0.0,,0.0,,,0.0
22436,2026-08-21,CNB,2,2026-08-21 10:08:00,2026-08-21 10:24:18,2026-08-21 10:10:00,2026-08-21 10:26:48,440.0,16.3,16.8,2.5,2.0,0.5,NDLS->CNB,440.0,254.3,248.0,-6.300000000000001
22436,2026-08-21,PRYJ,3,2026-08-21 12:08:00,2026-08-21 12:22:36,2026-08-21 12:10:00,2026-08-21 12:25:36,634.0,14.6,15.6,3.0,2.0,1.0,CNB->PRYJ,194.0,115.8,118.0,2.200000000000001
22436,2026-08-21,BSB,4,2026-08-21 14:00:00,2026-08-21 14:15:42,,,759.0,15.7,15.7,2.0,2.0,0.0,PRYJ->BSB,125.0,110.1,110.0,-0.09999999999999964
22436,2026-08-22,NDLS,1,,,2026-08-22 06:00:00,2026-08-22 06:00:00,0.0,0.0,0.0,2.0,2.0,0.0,,0.0,,,0.0
22436,2026-08-22,CNB,2,2026-08-22 10:08:00,2026-08-22 10:11:06,2026-08-22 10:10:00,2026-08-22 10:15:06,440.0,3.1,5.1,4.0,2.0,2.0,NDLS->CNB,440.0,251.1,248.0,-3.1
22436,2026-08-22,PRYJ,3,2026-08-22 12:08:00,2026-08-22 12:11:30,2026-08-22 12:10:00,2026-08-22 12:13:00,634.0,3.5,3.0,1.5,2.0,-0.5,CNB->PRYJ,194.0,116.4,118.0,1.5999999999999996
22436,2026-08-22,BSB,4,2026-08-22 14:00:00,2026-08-22 14:04:00,,,759.0,4.0,4.0,2.0,2.0,0.0,PRYJ->BSB,125.0,111.0,110.0,-1.0
22436,2026-08-23,NDLS,1,,,2026-08-23 06:00:00,2026-08-23 06:05:00,0.0,0.0,5.0,2.0,2.0,0.0,,0.0,,,0.0
22436,2026-08-23,CNB,2,2026-08-23 10:08:00,2026-08-23 10:17:54,2026-08-23 10:10:00,2026-08-23 10:20:54,440.0,9.9,10.9,3.0,2.0,1.0,NDLS->CNB,440.0,252.9,248.0,-4.9
22436,2026-08-23,PRYJ,3,2026-08-23 12:08:00,2026-08-23 12:16:30,2026-08-23 12:10:00,2026-08-23 12:20:30,634.0,8.5,10.5,4.0,2.0,2.0,CNB->PRYJ,194.0,115.6,118.0,2.4000000000000004
22436,2026-08-23,BSB,4,2026-08-23 14:00:00,2026-08-23 14:07:36,,,759.0,7.6,7.6,2.0,2.0,0.0,PRYJ->BSB,125.0,107.1,110.0,2.9000000000000004
22436,2026-08-24,NDLS,1,,,2026-08-24 06:00:00,2026-08-24 06:10:00,0.0,0.0,10.0,2.0,2.0,0.0,,0.0,,,0.0
22436,2026-08-24,CNB,2,2026-08-24 10:08:00,2026-08-24 10:22:18,2026-08-24 10:10:00,2026-08-24 10:25:18,440.0,14.3,15.3,3.0,2.0,1.0,NDLS->CNB,440.0,252.3,248.0,-4.300000000000001
22436,2026-08-24,PRYJ,3,2026-08-24 12:08:00,2026-08-24 12:19:36,2026-08-24 12:10:00,2026-08-24 12:21:36,634.0,11.6,11.6,2.0,2.0,0.0,CNB->PRYJ,194.0,114.3,118.0,3.700000000000001
22436,2026-08-24,BSB,4,2026-08-24 14:00:00,2026-08-24 14:09:06,,,759.0,9.1,9.1,2.0,2.0,0.0,PRYJ->BSB,125.0,107.5,110.0,2.5
22436,2026-08-25,NDLS,1,,,2026-08-25 06:00:00,2026-08-25 06:00:00,0.0,0.0,0.0,2.0,2.0,0.0,,0.0,,,0.0
22436,2026-08-25,CNB,2,2026-08-25 10:08:00,2026-08-25 10:16:42,2026-08-25 10:10:00,2026-08-25 10:19:12,440.0,8.7,9.2,2.5,2.0,0.5,NDLS->CNB,440.0,256.7,248.0,-8.7
22436,2026-08-25,PRYJ,3,2026-08-25 12:08:00,2026-08-25 12:14:42,2026-08-25 12:10:00,2026-08-25 12:17:42,634.0,6.7,7.7,3.0,2.0,1.0,CNB->PRYJ,194.0,115.5,118.0,2.499999999999999
22436,2026-08-25,BSB,4,2026-08-25 14:00:00,2026-08-25 14:03:18,,,759.0,3.3,3.3,2.0,2.0,0.0,PRYJ->BSB,125.0,105.6,110.0,4.4
22436,2026-08-26,NDLS,1,,,2026-08-26 06:00:00,2026-08-26 06:10:00,0.0,0.0,10.0,2.0,2.0,0.0,,0.0,,,0.0
22436,2026-08-26,CNB,2,2026-08-26 10:08:00,2026-08-26 10:18:36,2026-08-26 10:10:00,2026-08-26 10:21:06,440.0,10.6,11.1,2.5,2.0,0.5,NDLS->CNB,440.0,248.6,248.0,-0.5999999999999996
22436,2026-08-26,PRYJ,3,2026-08-26 12:08:00,2026-08-26 12:16:18,2026-08-26 12:10:00,2026-08-26 12:18:18,634.0,8.3,8.3,2.0,2.0,0.0,CNB->PRYJ,194.0,115.2,118.0,2.799999999999999
22436,2026-08-26,BSB,4,2026-08-26 14:00:00,2026-08-26 14:08:54,,,759.0,8.9,8.9,2.0,2.0,0.0,PRYJ->BSB,125.0,110.6,110.0,-0.5999999999999996
22436,2026-08-27,NDLS,1,,,2026-08-27 06:00:00,2026-08-27 06:00:00,0.0,0.0,0.0,2.0,2.0,0.0,,0.0,,,0.0
22436,2026-08-27,CNB,2,2026-08-27 10:08:00,2026-08-27 10:16:48,2026-08-27 10:10:00,2026-08-27 10:19:18,440.0,8.8,9.3,2.5,2.0,0.5,NDLS->CNB,440.0,256.8,248.0,-8.8
22436,2026-08-27,PRYJ,3,2026-08-27 12:08:00,2026-08-27 12:16:24,2026-08-27 12:10:00,2026-08-27 12:19:24,634.0,8.4,9.4,3.0,2.0,1.0,CNB->PRYJ,194.0,117.1,118.0,0.9000000000000004
22436,2026-08-27,BSB,4,2026-08-27 14:00:00,2026-08-27 14:11:12,,,759.0,11.2,11.2,2.0,2.0,0.0,PRYJ->BSB,125.0,111.8,110.0,-1.799999999999999
22436,2026-08-28,NDLS,1,,,2026-08-28 06:00:00,2026-08-28 06:00:00,0.0,0.0,0.0,2.0,2.0,0.0,,0.0,,,0.0
22436,2026-08-28,CNB,2,2026-08-28 10:08:00,2026-08-28 10:11:54,2026-08-28 10:10:00,2026-08-28 10:13:54,440.0,3.9,3.9,2.0,2.0,0.0,NDLS->CNB,440.0,251.9,248.0,-3.9
22436,2026-08-28,PRYJ,3,2026-08-28 12:08:00,2026-08-28 12:14:24,2026-08-28 12:10:00,2026-08-28 12:16:24,634.0,6.4,6.4,2.0,2.0,0.0,CNB->PRYJ,194.0,120.5,118.0,-2.5000000000000004
22436,2026-08-28,BSB,4,2026-08-28 14:00:00,2026-08-28 14:06:24,,,759.0,6.4,6.4,2.0,2.0,0.0,PRYJ->BSB,125.0,110.0,110.0,0.0
22436,2026-08-29,NDLS,1,,,2026-08-29 06:00:00,2026-08-29 06:00:00,0.0,0.0,0.0,2.0,2.0,0.0,,0.0,,,0.0
22436,2026-08-29,CNB,2,2026-08-29 10:08:00,2026-08-29 10:08:54,2026-08-29 10:10:00,2026-08-29 10:10:54,440.0,0.9,0.9,2.0,2.0,0.0,NDLS->CNB,440.0,248.9,248.0,-0.9
22436,2026-08-29,PRYJ,3,2026-08-29 12:08:00,2026-08-29 12:08:06,2026-08-29 12:10:00,2026-08-29 12:10:06,634.0,0.1,0.1,2.0,2.0,0.0,CNB->PRYJ,194.0,117.2,118.0,0.8
22436,2026-08-29,BSB,4,2026-08-29 14:00:00,2026-08-29 14:01:18,,,759.0,1.3,1.3,2.0,2.0,0.0,PRYJ->BSB,125.0,111.2,110.0,-1.2
22436,2026-08-30,NDLS,1,,,2026-08-30 06:00:00,2026-08-30 06:10:00,0.0,0.0,10.0,2.0,2.0,0.0,,0.0,,,0.0
22436,2026-08-30,CNB,2,2026-08-30 10:08:00,2026-08-30 10:24:48,2026-08-30 10:10:00,2026-08-30 10:28:48,440.0,16.8,18.8,4.0,2.0,2.0,NDLS->CNB,440.0,254.8,248.0,-6.800000000000001
22436,2026-08-30,PRYJ,3,2026-08-30 12:08:00,2026-08-30 12:22:18,2026-08-30 12:10:00,2026-08-30 12:25:18,634.0,14.3,15.3,3.0,2.0,1.0,CNB->PRYJ,194.0,113.5,118.0,4.5
22436,2026-08-30,BSB,4,2026-08-30 14:00:00,2026-08-30 14:13:42,,,759.0,13.7,13.7,2.0,2.0,0.0,PRYJ->BSB,125.0,108.4,110.0,1.6000000000000014
22436,2026-08-31,NDLS,1,,,2026-08-31 06:00:00,2026-08-31 06:10:00,0.0,0.0,10.0,2.0,2.0,0.0,,0.0,,,0.0
22436,2026-08-31,CNB,2,2026-08-31 10:08:00,2026-08-31 10:16:36,2026-08-31 10:10:00,2026-08-31 10:20:36,440.0,8.6,10.6,4.0,2.0,2.0,NDLS->CNB,440.0,246.6,248.0,1.4000000000000004
22436,2026-08-31,PRYJ,3,2026-08-31 12:08:00,2026-08-31 12:17:18,2026-08-31 12:10:00,2026-08-31 12:21:18,634.0,9.3,11.3,4.0,2.0,2.0,CNB->PRYJ,194.0,116.7,118.0,1.299999999999999
22436,2026-08-31,BSB,4,2026-08-31 14:00:00,2026-08-31 14:09:24,,,759.0,9.4,9.4,2.0,2.0,0.0,PRYJ->BSB,125.0,108.1,110.0,1.9000000000000004
22436,2026-09-01,NDLS,1,,,2026-09-01 06:00:00,2026-09-01 06:05:00,0.0,0.0,5.0,2.0,2.0,0.0,,0.0,,,0.0
22436,2026-09-01,CNB,2,2026-09-01 10:08:00,2026-09-01 10:17:06,2026-09-01 10:10:00,2026-09-01 10:18:36,440.0,9.1,8.6,1.5,2.0,-0.5,NDLS->CNB,440.0,252.1,248.0,-4.1
22436,2026-09-01,PRYJ,3,2026-09-01 12:08:00,2026-09-01 12:14:18,2026-09-01 12:10:00,2026-09-01 12:16:48,634.0,6.3,6.8,2.5,2.0,0.5,CNB->PRYJ,194.0,115.7,118.0,2.3
22436,2026-09-01,BSB,4,2026-09-01 14:00:00,2026-09-01 14:08:12,,,759.0,8.2,8.2,2.0,2.0,0.0,PRYJ->BSB,125.0,111.4,110.0,-1.3999999999999995
22436,2026-09-02,NDLS,1,,,2026-09-02 06:00:00,2026-09-02 06:05:00,0.0,0.0,5.0,2.0,2.0,0.0,,0.0,,,0.0
22436,2026-09-02,CNB,2,2026-09-02 10:08:00,2026-09-02 10:09:48,2026-09-02 10:10:00,2026-09-02 10:12:18,440.0,1.8,2.3,2.5,2.0,0.5,NDLS->CNB,440.0,244.8,248.0,3.2
22436,2026-09-02,PRYJ,3,2026-09-02 12:08:00,2026-09-02 12:08:00,2026-09-02 12:10:00,2026-09-02 12:09:30,634.0,0.0,-0.5,1.5,2.0,-0.5,CNB->PRYJ,194.0,115.7,118.0,2.3
22436,2026-09-02,BSB,4,2026-09-02 14:00:00,2026-09-02 14:02:48,,,759.0,2.8,2.8,2.0,2.0,0.0,PRYJ->BSB,125.0,113.3,110.0,-3.3
22436,2026-09-03,NDLS,1,,,2026-09-03 06:00:00,2026-09-03 06:05:00,0.0,0.0,5.0,2.0,2.0,0.0,,0.0,,,0.0
22436,2026-09-03,CNB,2,2026-09-03 10:08:00,2026-09-03 10:18:54,2026-09-03 10:10:00,2026-09-03 10:21:54,440.0,10.9,11.9,3.0,2.0,1.0,NDLS->CNB,440.0,253.9,248.0,-5.9
22436,2026-09-03,PRYJ,3,2026-09-03 12:08:00,2026-09-03 12:15:48,2026-09-03 12:10:00,2026-09-03 12:19:48,634.0,7.8,9.8,4.0,2.0,2.0,CNB->PRYJ,194.0,113.9,118.0,4.1000000000000005
22436,2026-09-03,BSB,4,2026-09-03 14:00:00,2026-09-03 14:07:30,,,759.0,7.5,7.5,2.0,2.0,0.0,PRYJ->BSB,125.0,107.7,110.0,2.3000000000000007
22436,2026-09-04,NDLS,1,,,2026-09-04 06:00:00,2026-09-04 06:05:00,0.0,0.0,5.0,2.0,2.0,0.0,,0.0,,,0.0
22436,2026-09-04,CNB,2,2026-09-04 10:08:00,2026-09-04 10:12:18,2026-09-04 10:10:00,2026-09-04 10:16:18,440.0,4.3,6.3,4.0,2.0,2.0,NDLS->CNB,440.0,247.3,248.0,0.7000000000000002
22436,2026-09-04,PRYJ,3,2026-09-04 12:08:00,2026-09-04 12:11:06,2026-09-04 12:10:00,2026-09-04 12:13:06,634.0,3.1,3.1,2.0,2.0,0.0,CNB->PRYJ,194.0,114.8,118.0,3.1999999999999997
22436,2026-09-04,BSB,4,2026-09-04 14:00:00,2026-09-04 14:03:18,,,759.0,3.3,3.3,2.0,2.0,0.0,PRYJ->BSB,125.0,110.2,110.0,-0.19999999999999973
22436,2026-09-05,NDLS,1,,,2026-09-05 06:00:00,2026-09-05 06:00:00,0.0,0.0,0.0,2.0,2.0,0.0,,0.0,,,0.0
22436,2026-09-05,CNB,2,2026-09-05 10:08:00,2026-09-05 10:13:24,2026-09-05 10:10:00,2026-09-05 10:17:24,440.0,5.4,7.4,4.0,2.0,2.0,NDLS->CNB,440.0,253.4,248.0,-5.4
22436,2026-09-05,PRYJ,3,2026-09-05 12:08:00,2026-09-05 12:11:18,2026-09-05 12:10:00,2026-09-05 12:14:18,634.0,3.3,4.3,3.0,2.0,1.0,CNB->PRYJ,194.0,113.9,118.0,4.1000000000000005
22436,2026-09-05,BSB,4,2026-09-05 14:00:00,2026-09-05 14:01:42,,,759.0,1.7,1.7,2.0,2.0,0.0,PRYJ->BSB,125.0,107.4,110.0,2.5999999999999996
22436,2026-09-06,NDLS,1,,,2026-09-06 06:00:00,2026-09-06 06:10:00,0.0,0.0,10.0,2.0,2.0,0.0,,0.0,,,0.0
22436,2026-09-06,CNB,2,2026-09-06 10:08:00,2026-09-06 10:25:48,2026-09-06 10:10:00,2026-09-06 10:28:48,440.0,17.8,18.8,3.0,2.0,1.0,NDLS->CNB,440.0,255.8,248.0,-7.800000000000001
22436,2026-09-06,PRYJ,3,2026-09-06 12:08:00,2026-09-06 12:24:36,2026-09-06 12:10:00,2026-09-06 12:27:36,634.0,16.6,17.6,3.0,2.0,1.0,CNB->PRYJ,194.0,115.8,118.0,2.1999999999999993
22436,2026-09-06,BSB,4,2026-09-06 14:00:00,2026-09-06 14:16:00,,,759.0,16.0,16.0,2.0,2.0,0.0,PRYJ->BSB,125.0,108.4,110.0,1.6000000000000014
22436,2026-09-07,NDLS,1,,,2026-09-07 06:00:00,2026-09-07 06:00:00,0.0,0.0,0.0,2.0,2.0,0.0,,0.0,,,0.0
22436,2026-09-07,CNB,2,2026-09-07 10:08:00,2026-09-07 10:18:12,2026-09-07 10:10:00,2026-09-07 10:21:12,440.0,10.2,11.2,3.0,2.0,1.0,NDLS->CNB,440.0,258.2,248.0,-10.2
22436,2026-09-07,PRYJ,3,2026-09-07 12:08:00,2026-09-07 12:14:12,2026-09-07 12:10:00,2026-09-07 12:17:12,634.0,6.2,7.2,3.0,2.0,1.0,CNB->PRYJ,194.0,113.0,118.0,4.999999999999999
22436,2026-09-07,BSB,4,2026-09-07 14:00:00,2026-09-07 14:07:18,,,759.0,7.3,7.3,2.0,2.0,0.0,PRYJ->BSB,125.0,110.1,110.0,-0.09999999999999964
22436,2026-09-08,NDLS,1,,,2026-09-08 06:00:00,2026-09-08 06:05:00,0.0,0.0,5.0,2.0,2.0,0.0,,0.0,,,0.0
22436,2026-09-08,CNB,2,2026-09-08 10:08:00,2026-09-08 10:20:36,2026-09-08 10:10:00,2026-09-08 10:24:36,440.0,12.6,14.6,4.0,2.0,2.0,NDLS->CNB,440.0,255.6,248.0,-7.6
22436,2026-09-08,PRYJ,3,2026-09-08 12:08:00,2026-09-08 12:19:36,2026-09-08 12:10:00,2026-09-08 12:21:36,634.0,11.6,11.6,2.0,2.0,0.0,CNB->PRYJ,194.0,115.0,118.0,3.0
22436,2026-09-08,BSB,4,2026-09-08 14:00:00,2026-09-08 14:12:24,,,759.0,12.4,12.4,2.0,2.0,0.0,PRYJ->BSB,125.0,110.8,110.0,-0.8000000000000007
